Saving all output to "!!{outputDirectory}!!/auto_join_nulls.q.raw". Enter "record" with no arguments to stop it.
>>>  !run !!{qFileDirectory}!!/auto_join_nulls.q
>>>  set hive.auto.convert.join = true;
No rows affected 
>>>  
>>>  CREATE TABLE myinput1(key int, value int);
No rows affected 
>>>  LOAD DATA LOCAL INPATH '../data/files/in1.txt' INTO TABLE myinput1;
No rows affected 
>>>  
>>>  SELECT sum(hash(a.key,a.value,b.key,b.value)) FROM myinput1 a JOIN myinput1 b;
'_c0'
'13630578'
1 row selected 
>>>  SELECT sum(hash(a.key,a.value,b.key,b.value)) FROM myinput1 a LEFT OUTER JOIN myinput1 b;
'_c0'
'13630578'
1 row selected 
>>>  SELECT sum(hash(a.key,a.value,b.key,b.value)) FROM myinput1 a RIGHT OUTER JOIN myinput1 b;
'_c0'
'13630578'
1 row selected 
>>>  SELECT sum(hash(a.key,a.value,b.key,b.value)) FROM myinput1 a JOIN myinput1 b ON a.key = b.value;
'_c0'
'3078400'
1 row selected 
>>>  SELECT sum(hash(a.key,a.value,b.key,b.value)) FROM myinput1 a JOIN myinput1 b ON a.key = b.key;
'_c0'
'4509856'
1 row selected 
>>>  SELECT sum(hash(a.key,a.value,b.key,b.value)) FROM myinput1 a JOIN myinput1 b ON a.value = b.value;
'_c0'
'3112070'
1 row selected 
>>>  SELECT sum(hash(a.key,a.value,b.key,b.value)) FROM myinput1 a JOIN myinput1 b ON a.value = b.value and a.key=b.key;
'_c0'
'3078400'
1 row selected 
>>>  SELECT sum(hash(a.key,a.value,b.key,b.value)) FROM myinput1 a LEFT OUTER JOIN myinput1 b ON a.key = b.value;
'_c0'
'4542003'
1 row selected 
>>>  SELECT sum(hash(a.key,a.value,b.key,b.value)) FROM myinput1 a LEFT OUTER JOIN myinput1 b ON a.value = b.value;
'_c0'
'4542038'
1 row selected 
>>>  SELECT sum(hash(a.key,a.value,b.key,b.value)) FROM myinput1 a LEFT OUTER JOIN myinput1 b ON a.key = b.key;
'_c0'
'4543491'
1 row selected 
>>>  SELECT sum(hash(a.key,a.value,b.key,b.value)) FROM myinput1 a LEFT OUTER JOIN myinput1 b ON a.key = b.key and a.value=b.value;
'_c0'
'4542003'
1 row selected 
>>>  SELECT sum(hash(a.key,a.value,b.key,b.value)) FROM myinput1 a RIGHT OUTER JOIN myinput1 b ON a.key = b.value;
'_c0'
'3079923'
1 row selected 
>>>  SELECT sum(hash(a.key,a.value,b.key,b.value)) FROM myinput1 a RIGHT OUTER JOIN myinput1 b ON a.key = b.key;
'_c0'
'4509891'
1 row selected 
>>>  SELECT sum(hash(a.key,a.value,b.key,b.value)) FROM myinput1 a RIGHT OUTER JOIN myinput1 b ON a.value = b.value;
'_c0'
'3113558'
1 row selected 
>>>  SELECT sum(hash(a.key,a.value,b.key,b.value)) FROM myinput1 a RIGHT OUTER JOIN myinput1 b ON a.key=b.key and a.value = b.value;
'_c0'
'3079923'
1 row selected 
>>>  SELECT sum(hash(a.key,a.value,b.key,b.value)) FROM myinput1 a FULL OUTER JOIN myinput1 b ON a.key = b.value;
'_c0'
'4543526'
1 row selected 
>>>  SELECT sum(hash(a.key,a.value,b.key,b.value)) FROM myinput1 a FULL OUTER JOIN myinput1 b ON a.key = b.key;
'_c0'
'4543526'
1 row selected 
>>>  SELECT sum(hash(a.key,a.value,b.key,b.value)) FROM myinput1 a FULL OUTER JOIN myinput1 b ON a.value = b.value;
'_c0'
'4543526'
1 row selected 
>>>  SELECT sum(hash(a.key,a.value,b.key,b.value)) FROM myinput1 a FULL OUTER JOIN myinput1 b ON a.value = b.value and a.key=b.key;
'_c0'
'4543526'
1 row selected 
>>>  
>>>  SELECT sum(hash(a.key,a.value,b.key,b.value)) from myinput1 a LEFT OUTER JOIN myinput1 b ON (a.value=b.value) RIGHT OUTER JOIN myinput1 c ON (b.value=c.value);
'_c0'
'3112070'
1 row selected 
>>>  SELECT sum(hash(a.key,a.value,b.key,b.value)) from myinput1 a RIGHT OUTER JOIN myinput1 b ON (a.value=b.value) LEFT OUTER JOIN myinput1 c ON (b.value=c.value);
'_c0'
'3113558'
1 row selected 
>>>  SELECT sum(hash(a.key,a.value,b.key,b.value)) FROM myinput1 a LEFT OUTER JOIN myinput1 b RIGHT OUTER JOIN myinput1 c ON a.value = b.value and b.value = c.value;
'_c0'
'3112070'
1 row selected 
>>>  
>>>  !record
