PREHOOK: query: drop table ctas_varchar_1
PREHOOK: type: DROPTABLE
POSTHOOK: query: drop table ctas_varchar_1
POSTHOOK: type: DROPTABLE
PREHOOK: query: drop table ctas_varchar_2
PREHOOK: type: DROPTABLE
POSTHOOK: query: drop table ctas_varchar_2
POSTHOOK: type: DROPTABLE
PREHOOK: query: drop view ctas_varchar_3
PREHOOK: type: DROPVIEW
POSTHOOK: query: drop view ctas_varchar_3
POSTHOOK: type: DROPVIEW
PREHOOK: query: create table ctas_varchar_1 (key varchar(10), value string)
PREHOOK: type: CREATETABLE
PREHOOK: Output: database:default
PREHOOK: Output: default@ctas_varchar_1
POSTHOOK: query: create table ctas_varchar_1 (key varchar(10), value string)
POSTHOOK: type: CREATETABLE
POSTHOOK: Output: database:default
POSTHOOK: Output: default@ctas_varchar_1
PREHOOK: query: insert overwrite table ctas_varchar_1 
  select key, value from src sort by key, value limit 5
PREHOOK: type: QUERY
PREHOOK: Input: default@src
PREHOOK: Output: default@ctas_varchar_1
POSTHOOK: query: insert overwrite table ctas_varchar_1 
  select key, value from src sort by key, value limit 5
POSTHOOK: type: QUERY
POSTHOOK: Input: default@src
POSTHOOK: Output: default@ctas_varchar_1
POSTHOOK: Lineage: ctas_varchar_1.key EXPRESSION [(src)src.FieldSchema(name:key, type:string, comment:default), ]
POSTHOOK: Lineage: ctas_varchar_1.value SIMPLE [(src)src.FieldSchema(name:value, type:string, comment:default), ]
PREHOOK: query: create table ctas_varchar_2 as select key, value from ctas_varchar_1
PREHOOK: type: CREATETABLE_AS_SELECT
PREHOOK: Input: default@ctas_varchar_1
PREHOOK: Output: database:default
PREHOOK: Output: default@ctas_varchar_2
POSTHOOK: query: create table ctas_varchar_2 as select key, value from ctas_varchar_1
POSTHOOK: type: CREATETABLE_AS_SELECT
POSTHOOK: Input: default@ctas_varchar_1
POSTHOOK: Output: database:default
POSTHOOK: Output: default@ctas_varchar_2
POSTHOOK: Lineage: ctas_varchar_2.key SIMPLE [(ctas_varchar_1)ctas_varchar_1.FieldSchema(name:key, type:varchar(10), comment:null), ]
POSTHOOK: Lineage: ctas_varchar_2.value SIMPLE [(ctas_varchar_1)ctas_varchar_1.FieldSchema(name:value, type:string, comment:null), ]
PREHOOK: query: create view ctas_varchar_3 as select key, value from ctas_varchar_2
PREHOOK: type: CREATEVIEW
PREHOOK: Input: default@ctas_varchar_2
PREHOOK: Output: database:default
PREHOOK: Output: default@ctas_varchar_3
POSTHOOK: query: create view ctas_varchar_3 as select key, value from ctas_varchar_2
POSTHOOK: type: CREATEVIEW
POSTHOOK: Input: default@ctas_varchar_2
POSTHOOK: Output: database:default
POSTHOOK: Output: default@ctas_varchar_3
POSTHOOK: Lineage: ctas_varchar_3.key SIMPLE [(ctas_varchar_2)ctas_varchar_2.FieldSchema(name:key, type:varchar(10), comment:null), ]
POSTHOOK: Lineage: ctas_varchar_3.value SIMPLE [(ctas_varchar_2)ctas_varchar_2.FieldSchema(name:value, type:string, comment:null), ]
PREHOOK: query: select key, value from ctas_varchar_1
PREHOOK: type: QUERY
PREHOOK: Input: default@ctas_varchar_1
#### A masked pattern was here ####
POSTHOOK: query: select key, value from ctas_varchar_1
POSTHOOK: type: QUERY
POSTHOOK: Input: default@ctas_varchar_1
#### A masked pattern was here ####
0	val_0
0	val_0
0	val_0
10	val_10
100	val_100
PREHOOK: query: select * from ctas_varchar_2
PREHOOK: type: QUERY
PREHOOK: Input: default@ctas_varchar_2
#### A masked pattern was here ####
POSTHOOK: query: select * from ctas_varchar_2
POSTHOOK: type: QUERY
POSTHOOK: Input: default@ctas_varchar_2
#### A masked pattern was here ####
0	val_0
0	val_0
0	val_0
10	val_10
100	val_100
PREHOOK: query: select * from ctas_varchar_3
PREHOOK: type: QUERY
PREHOOK: Input: default@ctas_varchar_2
PREHOOK: Input: default@ctas_varchar_3
#### A masked pattern was here ####
POSTHOOK: query: select * from ctas_varchar_3
POSTHOOK: type: QUERY
POSTHOOK: Input: default@ctas_varchar_2
POSTHOOK: Input: default@ctas_varchar_3
#### A masked pattern was here ####
0	val_0
0	val_0
0	val_0
10	val_10
100	val_100
PREHOOK: query: drop table ctas_varchar_1
PREHOOK: type: DROPTABLE
PREHOOK: Input: default@ctas_varchar_1
PREHOOK: Output: default@ctas_varchar_1
POSTHOOK: query: drop table ctas_varchar_1
POSTHOOK: type: DROPTABLE
POSTHOOK: Input: default@ctas_varchar_1
POSTHOOK: Output: default@ctas_varchar_1
PREHOOK: query: drop table ctas_varchar_2
PREHOOK: type: DROPTABLE
PREHOOK: Input: default@ctas_varchar_2
PREHOOK: Output: default@ctas_varchar_2
POSTHOOK: query: drop table ctas_varchar_2
POSTHOOK: type: DROPTABLE
POSTHOOK: Input: default@ctas_varchar_2
POSTHOOK: Output: default@ctas_varchar_2
PREHOOK: query: drop view ctas_varchar_3
PREHOOK: type: DROPVIEW
PREHOOK: Input: default@ctas_varchar_3
PREHOOK: Output: default@ctas_varchar_3
POSTHOOK: query: drop view ctas_varchar_3
POSTHOOK: type: DROPVIEW
POSTHOOK: Input: default@ctas_varchar_3
POSTHOOK: Output: default@ctas_varchar_3
