PREHOOK: query: CREATE TABLE T1_n123(key INT, value INT) STORED AS TEXTFILE
PREHOOK: type: CREATETABLE
PREHOOK: Output: database:default
PREHOOK: Output: default@T1_n123
POSTHOOK: query: CREATE TABLE T1_n123(key INT, value INT) STORED AS TEXTFILE
POSTHOOK: type: CREATETABLE
POSTHOOK: Output: database:default
POSTHOOK: Output: default@T1_n123
PREHOOK: query: LOAD DATA LOCAL INPATH '../../data/files/groupby_groupingid.txt' INTO TABLE T1_n123
PREHOOK: type: LOAD
#### A masked pattern was here ####
PREHOOK: Output: default@t1_n123
POSTHOOK: query: LOAD DATA LOCAL INPATH '../../data/files/groupby_groupingid.txt' INTO TABLE T1_n123
POSTHOOK: type: LOAD
#### A masked pattern was here ####
POSTHOOK: Output: default@t1_n123
PREHOOK: query: SELECT key, value, GROUPING__ID, count(*) from T1_n123 GROUP BY key, value WITH ROLLUP
PREHOOK: type: QUERY
PREHOOK: Input: default@t1_n123
#### A masked pattern was here ####
POSTHOOK: query: SELECT key, value, GROUPING__ID, count(*) from T1_n123 GROUP BY key, value WITH ROLLUP
POSTHOOK: type: QUERY
POSTHOOK: Input: default@t1_n123
#### A masked pattern was here ####
key	value	grouping__id	_c3
1	1	0	1
1	NULL	0	1
1	NULL	1	2
2	2	0	1
2	NULL	1	1
3	3	0	1
3	NULL	0	1
3	NULL	1	2
4	5	0	1
4	NULL	1	1
NULL	NULL	3	6
PREHOOK: query: SELECT key, value, GROUPING__ID, count(*) from T1_n123 GROUP BY ROLLUP (key, value)
PREHOOK: type: QUERY
PREHOOK: Input: default@t1_n123
#### A masked pattern was here ####
POSTHOOK: query: SELECT key, value, GROUPING__ID, count(*) from T1_n123 GROUP BY ROLLUP (key, value)
POSTHOOK: type: QUERY
POSTHOOK: Input: default@t1_n123
#### A masked pattern was here ####
key	value	grouping__id	_c3
1	1	0	1
1	NULL	0	1
1	NULL	1	2
2	2	0	1
2	NULL	1	1
3	3	0	1
3	NULL	0	1
3	NULL	1	2
4	5	0	1
4	NULL	1	1
NULL	NULL	3	6
PREHOOK: query: SELECT GROUPING__ID, count(*)
FROM
(
SELECT key, value, GROUPING__ID, count(*) from T1_n123 GROUP BY key, value WITH ROLLUP
) t
GROUP BY GROUPING__ID
PREHOOK: type: QUERY
PREHOOK: Input: default@t1_n123
#### A masked pattern was here ####
POSTHOOK: query: SELECT GROUPING__ID, count(*)
FROM
(
SELECT key, value, GROUPING__ID, count(*) from T1_n123 GROUP BY key, value WITH ROLLUP
) t
GROUP BY GROUPING__ID
POSTHOOK: type: QUERY
POSTHOOK: Input: default@t1_n123
#### A masked pattern was here ####
grouping__id	_c1
0	6
1	4
3	1
PREHOOK: query: SELECT GROUPING__ID, count(*)
FROM
(
SELECT key, value, GROUPING__ID, count(*) from T1_n123 GROUP BY ROLLUP(key, value)
) t
GROUP BY GROUPING__ID
PREHOOK: type: QUERY
PREHOOK: Input: default@t1_n123
#### A masked pattern was here ####
POSTHOOK: query: SELECT GROUPING__ID, count(*)
FROM
(
SELECT key, value, GROUPING__ID, count(*) from T1_n123 GROUP BY ROLLUP(key, value)
) t
GROUP BY GROUPING__ID
POSTHOOK: type: QUERY
POSTHOOK: Input: default@t1_n123
#### A masked pattern was here ####
grouping__id	_c1
0	6
1	4
3	1
PREHOOK: query: SELECT t1.GROUPING__ID, t2.GROUPING__ID FROM (SELECT GROUPING__ID FROM T1_n123  GROUP BY key,value WITH ROLLUP) t1
JOIN 
(SELECT GROUPING__ID FROM T1_n123 GROUP BY key, value WITH ROLLUP) t2
ON t1.GROUPING__ID = t2.GROUPING__ID
PREHOOK: type: QUERY
PREHOOK: Input: default@t1_n123
#### A masked pattern was here ####
POSTHOOK: query: SELECT t1.GROUPING__ID, t2.GROUPING__ID FROM (SELECT GROUPING__ID FROM T1_n123  GROUP BY key,value WITH ROLLUP) t1
JOIN 
(SELECT GROUPING__ID FROM T1_n123 GROUP BY key, value WITH ROLLUP) t2
ON t1.GROUPING__ID = t2.GROUPING__ID
POSTHOOK: type: QUERY
POSTHOOK: Input: default@t1_n123
#### A masked pattern was here ####
t1.grouping__id	t2.grouping__id
0	0
0	0
0	0
0	0
0	0
0	0
0	0
0	0
0	0
0	0
0	0
0	0
0	0
0	0
0	0
0	0
0	0
0	0
0	0
0	0
0	0
0	0
0	0
0	0
0	0
0	0
0	0
0	0
0	0
0	0
0	0
0	0
0	0
0	0
0	0
0	0
1	1
1	1
1	1
1	1
1	1
1	1
1	1
1	1
1	1
1	1
1	1
1	1
1	1
1	1
1	1
1	1
3	3
PREHOOK: query: SELECT t1.GROUPING__ID, t2.GROUPING__ID FROM (SELECT GROUPING__ID FROM T1_n123  GROUP BY ROLLUP(key,value)) t1
JOIN
(SELECT GROUPING__ID FROM T1_n123 GROUP BY ROLLUP(key, value)) t2
ON t1.GROUPING__ID = t2.GROUPING__ID
PREHOOK: type: QUERY
PREHOOK: Input: default@t1_n123
#### A masked pattern was here ####
POSTHOOK: query: SELECT t1.GROUPING__ID, t2.GROUPING__ID FROM (SELECT GROUPING__ID FROM T1_n123  GROUP BY ROLLUP(key,value)) t1
JOIN
(SELECT GROUPING__ID FROM T1_n123 GROUP BY ROLLUP(key, value)) t2
ON t1.GROUPING__ID = t2.GROUPING__ID
POSTHOOK: type: QUERY
POSTHOOK: Input: default@t1_n123
#### A masked pattern was here ####
t1.grouping__id	t2.grouping__id
0	0
0	0
0	0
0	0
0	0
0	0
0	0
0	0
0	0
0	0
0	0
0	0
0	0
0	0
0	0
0	0
0	0
0	0
0	0
0	0
0	0
0	0
0	0
0	0
0	0
0	0
0	0
0	0
0	0
0	0
0	0
0	0
0	0
0	0
0	0
0	0
1	1
1	1
1	1
1	1
1	1
1	1
1	1
1	1
1	1
1	1
1	1
1	1
1	1
1	1
1	1
1	1
3	3
PREHOOK: query: SELECT key, value, GROUPING__ID, count(*) from T1_n123 GROUP BY key, value WITH ROLLUP
PREHOOK: type: QUERY
PREHOOK: Input: default@t1_n123
#### A masked pattern was here ####
POSTHOOK: query: SELECT key, value, GROUPING__ID, count(*) from T1_n123 GROUP BY key, value WITH ROLLUP
POSTHOOK: type: QUERY
POSTHOOK: Input: default@t1_n123
#### A masked pattern was here ####
key	value	grouping__id	_c3
1	1	0	1
1	NULL	0	1
1	NULL	1	2
2	2	0	1
2	NULL	1	1
3	3	0	1
3	NULL	0	1
3	NULL	1	2
4	5	0	1
4	NULL	1	1
NULL	NULL	3	6
PREHOOK: query: SELECT GROUPING__ID, count(*)
FROM
(
SELECT key, value, GROUPING__ID, count(*) from T1_n123 GROUP BY key, value WITH ROLLUP
) t 
GROUP BY GROUPING__ID
PREHOOK: type: QUERY
PREHOOK: Input: default@t1_n123
#### A masked pattern was here ####
POSTHOOK: query: SELECT GROUPING__ID, count(*)
FROM
(
SELECT key, value, GROUPING__ID, count(*) from T1_n123 GROUP BY key, value WITH ROLLUP
) t 
GROUP BY GROUPING__ID
POSTHOOK: type: QUERY
POSTHOOK: Input: default@t1_n123
#### A masked pattern was here ####
grouping__id	_c1
0	6
1	4
3	1
PREHOOK: query: SELECT t1.GROUPING__ID, t2.GROUPING__ID FROM (SELECT GROUPING__ID FROM T1_n123  GROUP BY key,value WITH ROLLUP) t1
JOIN 
(SELECT GROUPING__ID FROM T1_n123 GROUP BY key, value WITH ROLLUP) t2
ON t1.GROUPING__ID = t2.GROUPING__ID
PREHOOK: type: QUERY
PREHOOK: Input: default@t1_n123
#### A masked pattern was here ####
POSTHOOK: query: SELECT t1.GROUPING__ID, t2.GROUPING__ID FROM (SELECT GROUPING__ID FROM T1_n123  GROUP BY key,value WITH ROLLUP) t1
JOIN 
(SELECT GROUPING__ID FROM T1_n123 GROUP BY key, value WITH ROLLUP) t2
ON t1.GROUPING__ID = t2.GROUPING__ID
POSTHOOK: type: QUERY
POSTHOOK: Input: default@t1_n123
#### A masked pattern was here ####
t1.grouping__id	t2.grouping__id
0	0
0	0
0	0
0	0
0	0
0	0
0	0
0	0
0	0
0	0
0	0
0	0
0	0
0	0
0	0
0	0
0	0
0	0
0	0
0	0
0	0
0	0
0	0
0	0
0	0
0	0
0	0
0	0
0	0
0	0
0	0
0	0
0	0
0	0
0	0
0	0
1	1
1	1
1	1
1	1
1	1
1	1
1	1
1	1
1	1
1	1
1	1
1	1
1	1
1	1
1	1
1	1
3	3
