PREHOOK: query: drop table employee
PREHOOK: type: DROPTABLE
POSTHOOK: query: drop table employee
POSTHOOK: type: DROPTABLE
PREHOOK: query: create table employee (department_id int, gender varchar(10), education_level int)
PREHOOK: type: CREATETABLE
PREHOOK: Output: database:default
PREHOOK: Output: default@employee
POSTHOOK: query: create table employee (department_id int, gender varchar(10), education_level int)
POSTHOOK: type: CREATETABLE
POSTHOOK: Output: database:default
POSTHOOK: Output: default@employee
PREHOOK: query: insert into employee values (1, 'M', 1),(1, 'M', 1),(2, 'F', 1),(1, 'F', 3),(1, 'M', 2),(4, 'M', 1),(2, 'F', 1),(2, 'F', 3),(3, 'M', 2),(null, 'M', 1),(null, null, 1),(null, null, null)
PREHOOK: type: QUERY
PREHOOK: Input: _dummy_database@_dummy_table
PREHOOK: Output: default@employee
POSTHOOK: query: insert into employee values (1, 'M', 1),(1, 'M', 1),(2, 'F', 1),(1, 'F', 3),(1, 'M', 2),(4, 'M', 1),(2, 'F', 1),(2, 'F', 3),(3, 'M', 2),(null, 'M', 1),(null, null, 1),(null, null, null)
POSTHOOK: type: QUERY
POSTHOOK: Input: _dummy_database@_dummy_table
POSTHOOK: Output: default@employee
POSTHOOK: Lineage: employee.department_id SCRIPT []
POSTHOOK: Lineage: employee.education_level SCRIPT []
POSTHOOK: Lineage: employee.gender SCRIPT []
PREHOOK: query: explain select count(distinct department_id), count(distinct gender), count(distinct education_level) from employee
PREHOOK: type: QUERY
POSTHOOK: query: explain select count(distinct department_id), count(distinct gender), count(distinct education_level) from employee
POSTHOOK: type: QUERY
STAGE DEPENDENCIES:
  Stage-1 is a root stage
  Stage-0 depends on stages: Stage-1

STAGE PLANS:
  Stage: Stage-1
    Tez
#### A masked pattern was here ####
      Edges:
        Reducer 2 <- Map 1 (SIMPLE_EDGE)
        Reducer 3 <- Reducer 2 (CUSTOM_SIMPLE_EDGE)
#### A masked pattern was here ####
      Vertices:
        Map 1 
            Map Operator Tree:
                TableScan
                  alias: employee
                  Statistics: Num rows: 12 Data size: 1023 Basic stats: COMPLETE Column stats: COMPLETE
                  Select Operator
                    expressions: department_id (type: int), gender (type: varchar(10)), education_level (type: int)
                    outputColumnNames: _col0, _col1, _col2
                    Statistics: Num rows: 12 Data size: 1023 Basic stats: COMPLETE Column stats: COMPLETE
                    Group By Operator
                      keys: _col0 (type: int), _col1 (type: varchar(10)), _col2 (type: int), 0 (type: int)
                      mode: hash
                      outputColumnNames: _col0, _col1, _col2, _col3
                      Statistics: Num rows: 18 Data size: 1556 Basic stats: COMPLETE Column stats: COMPLETE
                      Reduce Output Operator
                        key expressions: _col0 (type: int), _col1 (type: varchar(10)), _col2 (type: int), _col3 (type: int)
                        sort order: ++++
                        Map-reduce partition columns: _col0 (type: int), _col1 (type: varchar(10)), _col2 (type: int), _col3 (type: int)
                        Statistics: Num rows: 18 Data size: 1556 Basic stats: COMPLETE Column stats: COMPLETE
            Execution mode: llap
            LLAP IO: no inputs
        Reducer 2 
            Execution mode: llap
            Reduce Operator Tree:
              Group By Operator
                keys: KEY._col0 (type: int), KEY._col1 (type: varchar(10)), KEY._col2 (type: int), KEY._col3 (type: int)
                mode: mergepartial
                outputColumnNames: _col0, _col1, _col2, _col3
                Statistics: Num rows: 18 Data size: 1556 Basic stats: COMPLETE Column stats: COMPLETE
                Select Operator
                  expressions: CASE WHEN (((_col3 = 3) and _col0 is not null)) THEN (1) ELSE (null) END (type: int), CASE WHEN (((_col3 = 5) and _col1 is not null)) THEN (1) ELSE (null) END (type: int), CASE WHEN (((_col3 = 6) and _col2 is not null)) THEN (1) ELSE (null) END (type: int)
                  outputColumnNames: _col0, _col1, _col2
                  Statistics: Num rows: 18 Data size: 1556 Basic stats: COMPLETE Column stats: COMPLETE
                  Group By Operator
                    aggregations: count(_col0), count(_col1), count(_col2)
                    mode: hash
                    outputColumnNames: _col0, _col1, _col2
                    Statistics: Num rows: 1 Data size: 24 Basic stats: COMPLETE Column stats: COMPLETE
                    Reduce Output Operator
                      sort order: 
                      Statistics: Num rows: 1 Data size: 24 Basic stats: COMPLETE Column stats: COMPLETE
                      value expressions: _col0 (type: bigint), _col1 (type: bigint), _col2 (type: bigint)
        Reducer 3 
            Execution mode: llap
            Reduce Operator Tree:
              Group By Operator
                aggregations: count(VALUE._col0), count(VALUE._col1), count(VALUE._col2)
                mode: mergepartial
                outputColumnNames: _col0, _col1, _col2
                Statistics: Num rows: 1 Data size: 24 Basic stats: COMPLETE Column stats: COMPLETE
                File Output Operator
                  compressed: false
                  Statistics: Num rows: 1 Data size: 24 Basic stats: COMPLETE Column stats: COMPLETE
                  table:
                      input format: org.apache.hadoop.mapred.SequenceFileInputFormat
                      output format: org.apache.hadoop.hive.ql.io.HiveSequenceFileOutputFormat
                      serde: org.apache.hadoop.hive.serde2.lazy.LazySimpleSerDe

  Stage: Stage-0
    Fetch Operator
      limit: -1
      Processor Tree:
        ListSink

PREHOOK: query: select count(distinct gender), count(distinct department_id), count(distinct education_level) from employee
PREHOOK: type: QUERY
PREHOOK: Input: default@employee
#### A masked pattern was here ####
POSTHOOK: query: select count(distinct gender), count(distinct department_id), count(distinct education_level) from employee
POSTHOOK: type: QUERY
POSTHOOK: Input: default@employee
#### A masked pattern was here ####
2	4	3
PREHOOK: query: select count(distinct gender), count(distinct department_id), count(distinct gender), count(distinct education_level) from employee
PREHOOK: type: QUERY
PREHOOK: Input: default@employee
#### A masked pattern was here ####
POSTHOOK: query: select count(distinct gender), count(distinct department_id), count(distinct gender), count(distinct education_level) from employee
POSTHOOK: type: QUERY
POSTHOOK: Input: default@employee
#### A masked pattern was here ####
2	4	2	3
PREHOOK: query: select count(distinct department_id), count(distinct gender), count(distinct education_level) from employee
PREHOOK: type: QUERY
PREHOOK: Input: default@employee
#### A masked pattern was here ####
POSTHOOK: query: select count(distinct department_id), count(distinct gender), count(distinct education_level) from employee
POSTHOOK: type: QUERY
POSTHOOK: Input: default@employee
#### A masked pattern was here ####
4	2	3
PREHOOK: query: select count(distinct department_id), count(distinct gender), count(distinct education_level), count(distinct education_level) from employee
PREHOOK: type: QUERY
PREHOOK: Input: default@employee
#### A masked pattern was here ####
POSTHOOK: query: select count(distinct department_id), count(distinct gender), count(distinct education_level), count(distinct education_level) from employee
POSTHOOK: type: QUERY
POSTHOOK: Input: default@employee
#### A masked pattern was here ####
4	2	3	3
PREHOOK: query: select count(distinct department_id), count(distinct gender), count(distinct education_level), 
count(distinct education_level, department_id) from employee
PREHOOK: type: QUERY
PREHOOK: Input: default@employee
#### A masked pattern was here ####
POSTHOOK: query: select count(distinct department_id), count(distinct gender), count(distinct education_level), 
count(distinct education_level, department_id) from employee
POSTHOOK: type: QUERY
POSTHOOK: Input: default@employee
#### A masked pattern was here ####
4	2	3	9
PREHOOK: query: select count(distinct gender), count(distinct department_id), count(distinct gender), count(distinct education_level),
count(distinct education_level, department_id), count(distinct department_id, education_level) from employee
PREHOOK: type: QUERY
PREHOOK: Input: default@employee
#### A masked pattern was here ####
POSTHOOK: query: select count(distinct gender), count(distinct department_id), count(distinct gender), count(distinct education_level),
count(distinct education_level, department_id), count(distinct department_id, education_level) from employee
POSTHOOK: type: QUERY
POSTHOOK: Input: default@employee
#### A masked pattern was here ####
2	4	2	3	9	9
PREHOOK: query: explain select count(distinct gender), count(distinct department_id), count(distinct gender), count(distinct education_level),
count(distinct education_level, department_id), count(distinct department_id, education_level), count(distinct department_id, education_level, gender) from employee
PREHOOK: type: QUERY
POSTHOOK: query: explain select count(distinct gender), count(distinct department_id), count(distinct gender), count(distinct education_level),
count(distinct education_level, department_id), count(distinct department_id, education_level), count(distinct department_id, education_level, gender) from employee
POSTHOOK: type: QUERY
STAGE DEPENDENCIES:
  Stage-1 is a root stage
  Stage-0 depends on stages: Stage-1

STAGE PLANS:
  Stage: Stage-1
    Tez
#### A masked pattern was here ####
      Edges:
        Reducer 2 <- Map 1 (SIMPLE_EDGE)
        Reducer 3 <- Reducer 2 (CUSTOM_SIMPLE_EDGE)
#### A masked pattern was here ####
      Vertices:
        Map 1 
            Map Operator Tree:
                TableScan
                  alias: employee
                  Statistics: Num rows: 12 Data size: 1023 Basic stats: COMPLETE Column stats: COMPLETE
                  Select Operator
                    expressions: gender (type: varchar(10)), department_id (type: int), education_level (type: int)
                    outputColumnNames: _col0, _col1, _col2
                    Statistics: Num rows: 12 Data size: 1023 Basic stats: COMPLETE Column stats: COMPLETE
                    Group By Operator
                      keys: _col0 (type: varchar(10)), _col1 (type: int), _col2 (type: int), 0 (type: int)
                      mode: hash
                      outputColumnNames: _col0, _col1, _col2, _col3
                      Statistics: Num rows: 30 Data size: 2534 Basic stats: COMPLETE Column stats: COMPLETE
                      Reduce Output Operator
                        key expressions: _col0 (type: varchar(10)), _col1 (type: int), _col2 (type: int), _col3 (type: int)
                        sort order: ++++
                        Map-reduce partition columns: _col0 (type: varchar(10)), _col1 (type: int), _col2 (type: int), _col3 (type: int)
                        Statistics: Num rows: 30 Data size: 2534 Basic stats: COMPLETE Column stats: COMPLETE
            Execution mode: llap
            LLAP IO: no inputs
        Reducer 2 
            Execution mode: llap
            Reduce Operator Tree:
              Group By Operator
                keys: KEY._col0 (type: varchar(10)), KEY._col1 (type: int), KEY._col2 (type: int), KEY._col3 (type: int)
                mode: mergepartial
                outputColumnNames: _col0, _col1, _col2, _col3
                Statistics: Num rows: 30 Data size: 2534 Basic stats: COMPLETE Column stats: COMPLETE
                Select Operator
                  expressions: CASE WHEN (((_col3 = 3) and _col0 is not null)) THEN (1) ELSE (null) END (type: int), CASE WHEN (((_col3 = 5) and _col1 is not null)) THEN (1) ELSE (null) END (type: int), CASE WHEN (((_col3 = 6) and _col2 is not null)) THEN (1) ELSE (null) END (type: int), CASE WHEN ((_col3 = 4)) THEN (1) ELSE (null) END (type: int), CASE WHEN ((_col3 = 0)) THEN (1) ELSE (null) END (type: int)
                  outputColumnNames: _col0, _col1, _col2, _col3, _col4
                  Statistics: Num rows: 30 Data size: 2534 Basic stats: COMPLETE Column stats: COMPLETE
                  Group By Operator
                    aggregations: count(_col0), count(_col1), count(_col2), count(_col3), count(_col4)
                    mode: hash
                    outputColumnNames: _col0, _col1, _col2, _col3, _col4
                    Statistics: Num rows: 1 Data size: 40 Basic stats: COMPLETE Column stats: COMPLETE
                    Reduce Output Operator
                      sort order: 
                      Statistics: Num rows: 1 Data size: 40 Basic stats: COMPLETE Column stats: COMPLETE
                      value expressions: _col0 (type: bigint), _col1 (type: bigint), _col2 (type: bigint), _col3 (type: bigint), _col4 (type: bigint)
        Reducer 3 
            Execution mode: llap
            Reduce Operator Tree:
              Group By Operator
                aggregations: count(VALUE._col0), count(VALUE._col1), count(VALUE._col2), count(VALUE._col3), count(VALUE._col4)
                mode: mergepartial
                outputColumnNames: _col0, _col1, _col2, _col3, _col4
                Statistics: Num rows: 1 Data size: 40 Basic stats: COMPLETE Column stats: COMPLETE
                Select Operator
                  expressions: _col0 (type: bigint), _col1 (type: bigint), _col0 (type: bigint), _col2 (type: bigint), _col3 (type: bigint), _col3 (type: bigint), _col4 (type: bigint)
                  outputColumnNames: _col0, _col1, _col2, _col3, _col4, _col5, _col6
                  Statistics: Num rows: 1 Data size: 56 Basic stats: COMPLETE Column stats: COMPLETE
                  File Output Operator
                    compressed: false
                    Statistics: Num rows: 1 Data size: 56 Basic stats: COMPLETE Column stats: COMPLETE
                    table:
                        input format: org.apache.hadoop.mapred.SequenceFileInputFormat
                        output format: org.apache.hadoop.hive.ql.io.HiveSequenceFileOutputFormat
                        serde: org.apache.hadoop.hive.serde2.lazy.LazySimpleSerDe

  Stage: Stage-0
    Fetch Operator
      limit: -1
      Processor Tree:
        ListSink

PREHOOK: query: select count(distinct gender), count(distinct department_id), count(distinct gender), count(distinct education_level),
count(distinct education_level, department_id), count(distinct department_id, education_level), count(distinct department_id, education_level, gender) from employee
PREHOOK: type: QUERY
PREHOOK: Input: default@employee
#### A masked pattern was here ####
POSTHOOK: query: select count(distinct gender), count(distinct department_id), count(distinct gender), count(distinct education_level),
count(distinct education_level, department_id), count(distinct department_id, education_level), count(distinct department_id, education_level, gender) from employee
POSTHOOK: type: QUERY
POSTHOOK: Input: default@employee
#### A masked pattern was here ####
2	4	2	3	9	9	10
PREHOOK: query: select 
count(case when i=3 and department_id is not null then 1 else null end) as c0, 
count(case when i=5 and gender is not null then 1 else null end) as c1, 
count(case when i=6 and education_level is not null then 1 else null end) as c2 from 
(select grouping__id as i, department_id, gender, 
education_level from employee group by department_id, gender, education_level grouping sets 
(department_id, gender, education_level))subq
PREHOOK: type: QUERY
PREHOOK: Input: default@employee
#### A masked pattern was here ####
POSTHOOK: query: select 
count(case when i=3 and department_id is not null then 1 else null end) as c0, 
count(case when i=5 and gender is not null then 1 else null end) as c1, 
count(case when i=6 and education_level is not null then 1 else null end) as c2 from 
(select grouping__id as i, department_id, gender, 
education_level from employee group by department_id, gender, education_level grouping sets 
(department_id, gender, education_level))subq
POSTHOOK: type: QUERY
POSTHOOK: Input: default@employee
#### A masked pattern was here ####
4	2	3
PREHOOK: query: select grouping__id as i, department_id, gender, education_level from employee 
group by department_id, gender, education_level grouping sets 
(department_id, gender, education_level, (education_level, department_id))
PREHOOK: type: QUERY
PREHOOK: Input: default@employee
#### A masked pattern was here ####
POSTHOOK: query: select grouping__id as i, department_id, gender, education_level from employee 
group by department_id, gender, education_level grouping sets 
(department_id, gender, education_level, (education_level, department_id))
POSTHOOK: type: QUERY
POSTHOOK: Input: default@employee
#### A masked pattern was here ####
6	NULL	NULL	NULL
6	NULL	NULL	2
5	NULL	F	NULL
2	2	NULL	3
2	NULL	NULL	NULL
2	NULL	NULL	1
2	1	NULL	3
3	2	NULL	NULL
2	2	NULL	1
3	3	NULL	NULL
2	3	NULL	2
3	NULL	NULL	NULL
5	NULL	NULL	NULL
5	NULL	M	NULL
2	1	NULL	1
2	1	NULL	2
2	4	NULL	1
6	NULL	NULL	1
6	NULL	NULL	3
3	1	NULL	NULL
3	4	NULL	NULL
