PREHOOK: query: CREATE TABLE studenttab10k(
 name string,
 age int,
 gpa double
)
ROW FORMAT DELIMITED FIELDS TERMINATED BY '\t'
STORED AS TEXTFILE
PREHOOK: type: CREATETABLE
PREHOOK: Output: database:default
PREHOOK: Output: default@studenttab10k
POSTHOOK: query: CREATE TABLE studenttab10k(
 name string,
 age int,
 gpa double
)
ROW FORMAT DELIMITED FIELDS TERMINATED BY '\t'
STORED AS TEXTFILE
POSTHOOK: type: CREATETABLE
POSTHOOK: Output: database:default
POSTHOOK: Output: default@studenttab10k
PREHOOK: query: LOAD DATA LOCAL INPATH '../../data/files/studenttab10k' OVERWRITE INTO TABLE studenttab10k
PREHOOK: type: LOAD
#### A masked pattern was here ####
PREHOOK: Output: default@studenttab10k
POSTHOOK: query: LOAD DATA LOCAL INPATH '../../data/files/studenttab10k' OVERWRITE INTO TABLE studenttab10k
POSTHOOK: type: LOAD
#### A masked pattern was here ####
POSTHOOK: Output: default@studenttab10k
PREHOOK: query: create table temptable1(
 `!@#$%^&*()_name` string,
  age int,
  gpa double
) stored as orc
PREHOOK: type: CREATETABLE
PREHOOK: Output: database:default
PREHOOK: Output: default@temptable1
POSTHOOK: query: create table temptable1(
 `!@#$%^&*()_name` string,
  age int,
  gpa double
) stored as orc
POSTHOOK: type: CREATETABLE
POSTHOOK: Output: database:default
POSTHOOK: Output: default@temptable1
PREHOOK: query: insert overwrite table temptable1 select * from studenttab10k
PREHOOK: type: QUERY
PREHOOK: Input: default@studenttab10k
PREHOOK: Output: default@temptable1
POSTHOOK: query: insert overwrite table temptable1 select * from studenttab10k
POSTHOOK: type: QUERY
POSTHOOK: Input: default@studenttab10k
POSTHOOK: Output: default@temptable1
POSTHOOK: Lineage: temptable1.!@#$%^&*()_name SIMPLE [(studenttab10k)studenttab10k.FieldSchema(name:name, type:string, comment:null), ]
POSTHOOK: Lineage: temptable1.age SIMPLE [(studenttab10k)studenttab10k.FieldSchema(name:age, type:int, comment:null), ]
POSTHOOK: Lineage: temptable1.gpa SIMPLE [(studenttab10k)studenttab10k.FieldSchema(name:gpa, type:double, comment:null), ]
PREHOOK: query: alter table temptable1 change age `!@#$%^&*()_age` int
PREHOOK: type: ALTERTABLE_RENAMECOL
PREHOOK: Input: default@temptable1
PREHOOK: Output: default@temptable1
POSTHOOK: query: alter table temptable1 change age `!@#$%^&*()_age` int
POSTHOOK: type: ALTERTABLE_RENAMECOL
POSTHOOK: Input: default@temptable1
POSTHOOK: Output: default@temptable1
PREHOOK: query: alter table temptable1 change gpa `!@#$%^&*()_gpa` double
PREHOOK: type: ALTERTABLE_RENAMECOL
PREHOOK: Input: default@temptable1
PREHOOK: Output: default@temptable1
POSTHOOK: query: alter table temptable1 change gpa `!@#$%^&*()_gpa` double
POSTHOOK: type: ALTERTABLE_RENAMECOL
POSTHOOK: Input: default@temptable1
POSTHOOK: Output: default@temptable1
PREHOOK: query: select `!@#$%^&*()_age`, count(*) from temptable1 group by `!@#$%^&*()_age` order by `!@#$%^&*()_age`
PREHOOK: type: QUERY
PREHOOK: Input: default@temptable1
#### A masked pattern was here ####
POSTHOOK: query: select `!@#$%^&*()_age`, count(*) from temptable1 group by `!@#$%^&*()_age` order by `!@#$%^&*()_age`
POSTHOOK: type: QUERY
POSTHOOK: Input: default@temptable1
#### A masked pattern was here ####
18	160
19	164
20	166
21	165
22	184
23	148
24	166
25	170
26	174
27	173
28	181
29	173
30	159
31	147
32	176
33	160
34	165
35	163
36	150
37	177
38	163
39	162
40	164
41	156
42	141
43	156
44	144
45	142
46	174
47	178
48	169
49	158
50	162
51	174
52	175
53	171
54	179
55	166
56	175
57	184
58	176
59	162
60	168
61	175
62	185
63	175
64	181
65	166
66	151
67	165
68	191
69	177
70	142
71	175
72	182
73	168
74	181
75	149
76	162
77	155
PREHOOK: query: drop table temptable1
PREHOOK: type: DROPTABLE
PREHOOK: Input: default@temptable1
PREHOOK: Output: default@temptable1
POSTHOOK: query: drop table temptable1
POSTHOOK: type: DROPTABLE
POSTHOOK: Input: default@temptable1
POSTHOOK: Output: default@temptable1
PREHOOK: query: create table temptable1(
 `!@#$%^&*()_name` string,
  age int,
  gpa double
) stored as orc
PREHOOK: type: CREATETABLE
PREHOOK: Output: database:default
PREHOOK: Output: default@temptable1
POSTHOOK: query: create table temptable1(
 `!@#$%^&*()_name` string,
  age int,
  gpa double
) stored as orc
POSTHOOK: type: CREATETABLE
POSTHOOK: Output: database:default
POSTHOOK: Output: default@temptable1
PREHOOK: query: insert overwrite table temptable1 select * from studenttab10k
PREHOOK: type: QUERY
PREHOOK: Input: default@studenttab10k
PREHOOK: Output: default@temptable1
POSTHOOK: query: insert overwrite table temptable1 select * from studenttab10k
POSTHOOK: type: QUERY
POSTHOOK: Input: default@studenttab10k
POSTHOOK: Output: default@temptable1
POSTHOOK: Lineage: temptable1.!@#$%^&*()_name SIMPLE [(studenttab10k)studenttab10k.FieldSchema(name:name, type:string, comment:null), ]
POSTHOOK: Lineage: temptable1.age SIMPLE [(studenttab10k)studenttab10k.FieldSchema(name:age, type:int, comment:null), ]
POSTHOOK: Lineage: temptable1.gpa SIMPLE [(studenttab10k)studenttab10k.FieldSchema(name:gpa, type:double, comment:null), ]
PREHOOK: query: alter table temptable1 change age `!@#$%^&*()_age` int
PREHOOK: type: ALTERTABLE_RENAMECOL
PREHOOK: Input: default@temptable1
PREHOOK: Output: default@temptable1
POSTHOOK: query: alter table temptable1 change age `!@#$%^&*()_age` int
POSTHOOK: type: ALTERTABLE_RENAMECOL
POSTHOOK: Input: default@temptable1
POSTHOOK: Output: default@temptable1
PREHOOK: query: alter table temptable1 change gpa `!@#$%^&*()_gpa` double
PREHOOK: type: ALTERTABLE_RENAMECOL
PREHOOK: Input: default@temptable1
PREHOOK: Output: default@temptable1
POSTHOOK: query: alter table temptable1 change gpa `!@#$%^&*()_gpa` double
POSTHOOK: type: ALTERTABLE_RENAMECOL
POSTHOOK: Input: default@temptable1
POSTHOOK: Output: default@temptable1
PREHOOK: query: select `!@#$%^&*()_age`, count(*) from temptable1 group by `!@#$%^&*()_age` order by `!@#$%^&*()_age`
PREHOOK: type: QUERY
PREHOOK: Input: default@temptable1
#### A masked pattern was here ####
POSTHOOK: query: select `!@#$%^&*()_age`, count(*) from temptable1 group by `!@#$%^&*()_age` order by `!@#$%^&*()_age`
POSTHOOK: type: QUERY
POSTHOOK: Input: default@temptable1
#### A masked pattern was here ####
18	160
19	164
20	166
21	165
22	184
23	148
24	166
25	170
26	174
27	173
28	181
29	173
30	159
31	147
32	176
33	160
34	165
35	163
36	150
37	177
38	163
39	162
40	164
41	156
42	141
43	156
44	144
45	142
46	174
47	178
48	169
49	158
50	162
51	174
52	175
53	171
54	179
55	166
56	175
57	184
58	176
59	162
60	168
61	175
62	185
63	175
64	181
65	166
66	151
67	165
68	191
69	177
70	142
71	175
72	182
73	168
74	181
75	149
76	162
77	155
