PREHOOK: query: CREATE TABLE schema_evolution_data_n10(insert_num int, boolean1 boolean, tinyint1 tinyint, smallint1 smallint, int1 int, bigint1 bigint, decimal1 decimal(38,18), float1 float, double1 double, string1 string, string2 string, date1 date, timestamp1 timestamp, boolean_str string, tinyint_str string, smallint_str string, int_str string, bigint_str string, decimal_str string, float_str string, double_str string, date_str string, timestamp_str string, filler string)
row format delimited fields terminated by '|' stored as textfile
PREHOOK: type: CREATETABLE
PREHOOK: Output: database:default
PREHOOK: Output: default@schema_evolution_data_n10
POSTHOOK: query: CREATE TABLE schema_evolution_data_n10(insert_num int, boolean1 boolean, tinyint1 tinyint, smallint1 smallint, int1 int, bigint1 bigint, decimal1 decimal(38,18), float1 float, double1 double, string1 string, string2 string, date1 date, timestamp1 timestamp, boolean_str string, tinyint_str string, smallint_str string, int_str string, bigint_str string, decimal_str string, float_str string, double_str string, date_str string, timestamp_str string, filler string)
row format delimited fields terminated by '|' stored as textfile
POSTHOOK: type: CREATETABLE
POSTHOOK: Output: database:default
POSTHOOK: Output: default@schema_evolution_data_n10
PREHOOK: query: load data local inpath '../../data/files/schema_evolution/schema_evolution_data.txt' overwrite into table schema_evolution_data_n10
PREHOOK: type: LOAD
#### A masked pattern was here ####
PREHOOK: Output: default@schema_evolution_data_n10
POSTHOOK: query: load data local inpath '../../data/files/schema_evolution/schema_evolution_data.txt' overwrite into table schema_evolution_data_n10
POSTHOOK: type: LOAD
#### A masked pattern was here ####
POSTHOOK: Output: default@schema_evolution_data_n10
PREHOOK: query: CREATE TABLE table_add_int_permute_select_n2(insert_num int, a INT, b STRING)
PREHOOK: type: CREATETABLE
PREHOOK: Output: database:default
PREHOOK: Output: default@table_add_int_permute_select_n2
POSTHOOK: query: CREATE TABLE table_add_int_permute_select_n2(insert_num int, a INT, b STRING)
POSTHOOK: type: CREATETABLE
POSTHOOK: Output: database:default
POSTHOOK: Output: default@table_add_int_permute_select_n2
PREHOOK: query: insert into table table_add_int_permute_select_n2 SELECT insert_num, int1, 'original' FROM schema_evolution_data_n10
PREHOOK: type: QUERY
PREHOOK: Input: default@schema_evolution_data_n10
PREHOOK: Output: default@table_add_int_permute_select_n2
POSTHOOK: query: insert into table table_add_int_permute_select_n2 SELECT insert_num, int1, 'original' FROM schema_evolution_data_n10
POSTHOOK: type: QUERY
POSTHOOK: Input: default@schema_evolution_data_n10
POSTHOOK: Output: default@table_add_int_permute_select_n2
POSTHOOK: Lineage: table_add_int_permute_select_n2.a SIMPLE [(schema_evolution_data_n10)schema_evolution_data_n10.FieldSchema(name:int1, type:int, comment:null), ]
POSTHOOK: Lineage: table_add_int_permute_select_n2.b SIMPLE []
POSTHOOK: Lineage: table_add_int_permute_select_n2.insert_num SIMPLE [(schema_evolution_data_n10)schema_evolution_data_n10.FieldSchema(name:insert_num, type:int, comment:null), ]
insert_num	int1	_c2
PREHOOK: query: alter table table_add_int_permute_select_n2 add columns(c int)
PREHOOK: type: ALTERTABLE_ADDCOLS
PREHOOK: Input: default@table_add_int_permute_select_n2
PREHOOK: Output: default@table_add_int_permute_select_n2
POSTHOOK: query: alter table table_add_int_permute_select_n2 add columns(c int)
POSTHOOK: type: ALTERTABLE_ADDCOLS
POSTHOOK: Input: default@table_add_int_permute_select_n2
POSTHOOK: Output: default@table_add_int_permute_select_n2
PREHOOK: query: insert into table table_add_int_permute_select_n2 VALUES (111, 80000, 'new', 80000)
PREHOOK: type: QUERY
PREHOOK: Input: _dummy_database@_dummy_table
PREHOOK: Output: default@table_add_int_permute_select_n2
POSTHOOK: query: insert into table table_add_int_permute_select_n2 VALUES (111, 80000, 'new', 80000)
POSTHOOK: type: QUERY
POSTHOOK: Input: _dummy_database@_dummy_table
POSTHOOK: Output: default@table_add_int_permute_select_n2
POSTHOOK: Lineage: table_add_int_permute_select_n2.a SCRIPT []
POSTHOOK: Lineage: table_add_int_permute_select_n2.b SCRIPT []
POSTHOOK: Lineage: table_add_int_permute_select_n2.c SCRIPT []
POSTHOOK: Lineage: table_add_int_permute_select_n2.insert_num SCRIPT []
col1	col2	col3	col4
PREHOOK: query: explain vectorization detail
select insert_num,a,b from table_add_int_permute_select_n2
PREHOOK: type: QUERY
PREHOOK: Input: default@table_add_int_permute_select_n2
#### A masked pattern was here ####
POSTHOOK: query: explain vectorization detail
select insert_num,a,b from table_add_int_permute_select_n2
POSTHOOK: type: QUERY
POSTHOOK: Input: default@table_add_int_permute_select_n2
#### A masked pattern was here ####
Explain
PLAN VECTORIZATION:
  enabled: false
  enabledConditionsNotMet: [hive.vectorized.execution.enabled IS false]

STAGE DEPENDENCIES:
  Stage-1 is a root stage
  Stage-0 depends on stages: Stage-1

STAGE PLANS:
  Stage: Stage-1
    Tez
#### A masked pattern was here ####
      Vertices:
        Map 1 
            Map Operator Tree:
                TableScan
                  alias: table_add_int_permute_select_n2
                  Statistics: Num rows: 6 Data size: 600 Basic stats: COMPLETE Column stats: COMPLETE
                  Select Operator
                    expressions: insert_num (type: int), a (type: int), b (type: string)
                    outputColumnNames: _col0, _col1, _col2
                    Statistics: Num rows: 6 Data size: 600 Basic stats: COMPLETE Column stats: COMPLETE
                    File Output Operator
                      compressed: false
                      Statistics: Num rows: 6 Data size: 600 Basic stats: COMPLETE Column stats: COMPLETE
                      table:
                          input format: org.apache.hadoop.mapred.SequenceFileInputFormat
                          output format: org.apache.hadoop.hive.ql.io.HiveSequenceFileOutputFormat
                          serde: org.apache.hadoop.hive.serde2.lazy.LazySimpleSerDe
            Execution mode: llap
            LLAP IO: no inputs

  Stage: Stage-0
    Fetch Operator
      limit: -1
      Processor Tree:
        ListSink

PREHOOK: query: select insert_num,a,b from table_add_int_permute_select_n2
PREHOOK: type: QUERY
PREHOOK: Input: default@table_add_int_permute_select_n2
#### A masked pattern was here ####
POSTHOOK: query: select insert_num,a,b from table_add_int_permute_select_n2
POSTHOOK: type: QUERY
POSTHOOK: Input: default@table_add_int_permute_select_n2
#### A masked pattern was here ####
insert_num	a	b
101	-2147483648	original
102	2147483647	original
103	NULL	original
104	203332	original
105	-999992	original
111	80000	new
PREHOOK: query: select insert_num,a,b,c from table_add_int_permute_select_n2
PREHOOK: type: QUERY
PREHOOK: Input: default@table_add_int_permute_select_n2
#### A masked pattern was here ####
POSTHOOK: query: select insert_num,a,b,c from table_add_int_permute_select_n2
POSTHOOK: type: QUERY
POSTHOOK: Input: default@table_add_int_permute_select_n2
#### A masked pattern was here ####
insert_num	a	b	c
101	-2147483648	original	NULL
102	2147483647	original	NULL
103	NULL	original	NULL
104	203332	original	NULL
105	-999992	original	NULL
111	80000	new	80000
PREHOOK: query: select insert_num,c from table_add_int_permute_select_n2
PREHOOK: type: QUERY
PREHOOK: Input: default@table_add_int_permute_select_n2
#### A masked pattern was here ####
POSTHOOK: query: select insert_num,c from table_add_int_permute_select_n2
POSTHOOK: type: QUERY
POSTHOOK: Input: default@table_add_int_permute_select_n2
#### A masked pattern was here ####
insert_num	c
101	NULL
102	NULL
103	NULL
104	NULL
105	NULL
111	80000
PREHOOK: query: drop table table_add_int_permute_select_n2
PREHOOK: type: DROPTABLE
PREHOOK: Input: default@table_add_int_permute_select_n2
PREHOOK: Output: default@table_add_int_permute_select_n2
POSTHOOK: query: drop table table_add_int_permute_select_n2
POSTHOOK: type: DROPTABLE
POSTHOOK: Input: default@table_add_int_permute_select_n2
POSTHOOK: Output: default@table_add_int_permute_select_n2
PREHOOK: query: CREATE TABLE table_add_int_string_permute_select_n2(insert_num int, a INT, b STRING)
PREHOOK: type: CREATETABLE
PREHOOK: Output: database:default
PREHOOK: Output: default@table_add_int_string_permute_select_n2
POSTHOOK: query: CREATE TABLE table_add_int_string_permute_select_n2(insert_num int, a INT, b STRING)
POSTHOOK: type: CREATETABLE
POSTHOOK: Output: database:default
POSTHOOK: Output: default@table_add_int_string_permute_select_n2
PREHOOK: query: insert into table table_add_int_string_permute_select_n2 SELECT insert_num, int1, 'original' FROM schema_evolution_data_n10
PREHOOK: type: QUERY
PREHOOK: Input: default@schema_evolution_data_n10
PREHOOK: Output: default@table_add_int_string_permute_select_n2
POSTHOOK: query: insert into table table_add_int_string_permute_select_n2 SELECT insert_num, int1, 'original' FROM schema_evolution_data_n10
POSTHOOK: type: QUERY
POSTHOOK: Input: default@schema_evolution_data_n10
POSTHOOK: Output: default@table_add_int_string_permute_select_n2
POSTHOOK: Lineage: table_add_int_string_permute_select_n2.a SIMPLE [(schema_evolution_data_n10)schema_evolution_data_n10.FieldSchema(name:int1, type:int, comment:null), ]
POSTHOOK: Lineage: table_add_int_string_permute_select_n2.b SIMPLE []
POSTHOOK: Lineage: table_add_int_string_permute_select_n2.insert_num SIMPLE [(schema_evolution_data_n10)schema_evolution_data_n10.FieldSchema(name:insert_num, type:int, comment:null), ]
insert_num	int1	_c2
PREHOOK: query: alter table table_add_int_string_permute_select_n2 add columns(c int, d string)
PREHOOK: type: ALTERTABLE_ADDCOLS
PREHOOK: Input: default@table_add_int_string_permute_select_n2
PREHOOK: Output: default@table_add_int_string_permute_select_n2
POSTHOOK: query: alter table table_add_int_string_permute_select_n2 add columns(c int, d string)
POSTHOOK: type: ALTERTABLE_ADDCOLS
POSTHOOK: Input: default@table_add_int_string_permute_select_n2
POSTHOOK: Output: default@table_add_int_string_permute_select_n2
PREHOOK: query: insert into table table_add_int_string_permute_select_n2 VALUES (111, 80000, 'new', 80000, 'filler')
PREHOOK: type: QUERY
PREHOOK: Input: _dummy_database@_dummy_table
PREHOOK: Output: default@table_add_int_string_permute_select_n2
POSTHOOK: query: insert into table table_add_int_string_permute_select_n2 VALUES (111, 80000, 'new', 80000, 'filler')
POSTHOOK: type: QUERY
POSTHOOK: Input: _dummy_database@_dummy_table
POSTHOOK: Output: default@table_add_int_string_permute_select_n2
POSTHOOK: Lineage: table_add_int_string_permute_select_n2.a SCRIPT []
POSTHOOK: Lineage: table_add_int_string_permute_select_n2.b SCRIPT []
POSTHOOK: Lineage: table_add_int_string_permute_select_n2.c SCRIPT []
POSTHOOK: Lineage: table_add_int_string_permute_select_n2.d SCRIPT []
POSTHOOK: Lineage: table_add_int_string_permute_select_n2.insert_num SCRIPT []
col1	col2	col3	col4	col5
PREHOOK: query: explain vectorization detail
select insert_num,a,b from table_add_int_string_permute_select_n2
PREHOOK: type: QUERY
PREHOOK: Input: default@table_add_int_string_permute_select_n2
#### A masked pattern was here ####
POSTHOOK: query: explain vectorization detail
select insert_num,a,b from table_add_int_string_permute_select_n2
POSTHOOK: type: QUERY
POSTHOOK: Input: default@table_add_int_string_permute_select_n2
#### A masked pattern was here ####
Explain
PLAN VECTORIZATION:
  enabled: false
  enabledConditionsNotMet: [hive.vectorized.execution.enabled IS false]

STAGE DEPENDENCIES:
  Stage-1 is a root stage
  Stage-0 depends on stages: Stage-1

STAGE PLANS:
  Stage: Stage-1
    Tez
#### A masked pattern was here ####
      Vertices:
        Map 1 
            Map Operator Tree:
                TableScan
                  alias: table_add_int_string_permute_select_n2
                  Statistics: Num rows: 6 Data size: 600 Basic stats: COMPLETE Column stats: COMPLETE
                  Select Operator
                    expressions: insert_num (type: int), a (type: int), b (type: string)
                    outputColumnNames: _col0, _col1, _col2
                    Statistics: Num rows: 6 Data size: 600 Basic stats: COMPLETE Column stats: COMPLETE
                    File Output Operator
                      compressed: false
                      Statistics: Num rows: 6 Data size: 600 Basic stats: COMPLETE Column stats: COMPLETE
                      table:
                          input format: org.apache.hadoop.mapred.SequenceFileInputFormat
                          output format: org.apache.hadoop.hive.ql.io.HiveSequenceFileOutputFormat
                          serde: org.apache.hadoop.hive.serde2.lazy.LazySimpleSerDe
            Execution mode: llap
            LLAP IO: no inputs

  Stage: Stage-0
    Fetch Operator
      limit: -1
      Processor Tree:
        ListSink

PREHOOK: query: select insert_num,a,b from table_add_int_string_permute_select_n2
PREHOOK: type: QUERY
PREHOOK: Input: default@table_add_int_string_permute_select_n2
#### A masked pattern was here ####
POSTHOOK: query: select insert_num,a,b from table_add_int_string_permute_select_n2
POSTHOOK: type: QUERY
POSTHOOK: Input: default@table_add_int_string_permute_select_n2
#### A masked pattern was here ####
insert_num	a	b
101	-2147483648	original
102	2147483647	original
103	NULL	original
104	203332	original
105	-999992	original
111	80000	new
PREHOOK: query: select insert_num,a,b,c from table_add_int_string_permute_select_n2
PREHOOK: type: QUERY
PREHOOK: Input: default@table_add_int_string_permute_select_n2
#### A masked pattern was here ####
POSTHOOK: query: select insert_num,a,b,c from table_add_int_string_permute_select_n2
POSTHOOK: type: QUERY
POSTHOOK: Input: default@table_add_int_string_permute_select_n2
#### A masked pattern was here ####
insert_num	a	b	c
101	-2147483648	original	NULL
102	2147483647	original	NULL
103	NULL	original	NULL
104	203332	original	NULL
105	-999992	original	NULL
111	80000	new	80000
PREHOOK: query: select insert_num,a,b,c,d from table_add_int_string_permute_select_n2
PREHOOK: type: QUERY
PREHOOK: Input: default@table_add_int_string_permute_select_n2
#### A masked pattern was here ####
POSTHOOK: query: select insert_num,a,b,c,d from table_add_int_string_permute_select_n2
POSTHOOK: type: QUERY
POSTHOOK: Input: default@table_add_int_string_permute_select_n2
#### A masked pattern was here ####
insert_num	a	b	c	d
101	-2147483648	original	NULL	NULL
102	2147483647	original	NULL	NULL
103	NULL	original	NULL	NULL
104	203332	original	NULL	NULL
105	-999992	original	NULL	NULL
111	80000	new	80000	filler
PREHOOK: query: select insert_num,a,c,d from table_add_int_string_permute_select_n2
PREHOOK: type: QUERY
PREHOOK: Input: default@table_add_int_string_permute_select_n2
#### A masked pattern was here ####
POSTHOOK: query: select insert_num,a,c,d from table_add_int_string_permute_select_n2
POSTHOOK: type: QUERY
POSTHOOK: Input: default@table_add_int_string_permute_select_n2
#### A masked pattern was here ####
insert_num	a	c	d
101	-2147483648	NULL	NULL
102	2147483647	NULL	NULL
103	NULL	NULL	NULL
104	203332	NULL	NULL
105	-999992	NULL	NULL
111	80000	80000	filler
PREHOOK: query: select insert_num,a,d from table_add_int_string_permute_select_n2
PREHOOK: type: QUERY
PREHOOK: Input: default@table_add_int_string_permute_select_n2
#### A masked pattern was here ####
POSTHOOK: query: select insert_num,a,d from table_add_int_string_permute_select_n2
POSTHOOK: type: QUERY
POSTHOOK: Input: default@table_add_int_string_permute_select_n2
#### A masked pattern was here ####
insert_num	a	d
101	-2147483648	NULL
102	2147483647	NULL
103	NULL	NULL
104	203332	NULL
105	-999992	NULL
111	80000	filler
PREHOOK: query: select insert_num,c from table_add_int_string_permute_select_n2
PREHOOK: type: QUERY
PREHOOK: Input: default@table_add_int_string_permute_select_n2
#### A masked pattern was here ####
POSTHOOK: query: select insert_num,c from table_add_int_string_permute_select_n2
POSTHOOK: type: QUERY
POSTHOOK: Input: default@table_add_int_string_permute_select_n2
#### A masked pattern was here ####
insert_num	c
101	NULL
102	NULL
103	NULL
104	NULL
105	NULL
111	80000
PREHOOK: query: select insert_num,d from table_add_int_string_permute_select_n2
PREHOOK: type: QUERY
PREHOOK: Input: default@table_add_int_string_permute_select_n2
#### A masked pattern was here ####
POSTHOOK: query: select insert_num,d from table_add_int_string_permute_select_n2
POSTHOOK: type: QUERY
POSTHOOK: Input: default@table_add_int_string_permute_select_n2
#### A masked pattern was here ####
insert_num	d
101	NULL
102	NULL
103	NULL
104	NULL
105	NULL
111	filler
PREHOOK: query: drop table table_add_int_string_permute_select_n2
PREHOOK: type: DROPTABLE
PREHOOK: Input: default@table_add_int_string_permute_select_n2
PREHOOK: Output: default@table_add_int_string_permute_select_n2
POSTHOOK: query: drop table table_add_int_string_permute_select_n2
POSTHOOK: type: DROPTABLE
POSTHOOK: Input: default@table_add_int_string_permute_select_n2
POSTHOOK: Output: default@table_add_int_string_permute_select_n2
PREHOOK: query: CREATE TABLE table_change_string_group_double_n2(insert_num int, c1 STRING, c2 CHAR(50), c3 VARCHAR(50), b STRING)
PREHOOK: type: CREATETABLE
PREHOOK: Output: database:default
PREHOOK: Output: default@table_change_string_group_double_n2
POSTHOOK: query: CREATE TABLE table_change_string_group_double_n2(insert_num int, c1 STRING, c2 CHAR(50), c3 VARCHAR(50), b STRING)
POSTHOOK: type: CREATETABLE
POSTHOOK: Output: database:default
POSTHOOK: Output: default@table_change_string_group_double_n2
PREHOOK: query: insert into table table_change_string_group_double_n2 SELECT insert_num, double_str, double_str, double_str, 'original' FROM schema_evolution_data_n10
PREHOOK: type: QUERY
PREHOOK: Input: default@schema_evolution_data_n10
PREHOOK: Output: default@table_change_string_group_double_n2
POSTHOOK: query: insert into table table_change_string_group_double_n2 SELECT insert_num, double_str, double_str, double_str, 'original' FROM schema_evolution_data_n10
POSTHOOK: type: QUERY
POSTHOOK: Input: default@schema_evolution_data_n10
POSTHOOK: Output: default@table_change_string_group_double_n2
POSTHOOK: Lineage: table_change_string_group_double_n2.b SIMPLE []
POSTHOOK: Lineage: table_change_string_group_double_n2.c1 SIMPLE [(schema_evolution_data_n10)schema_evolution_data_n10.FieldSchema(name:double_str, type:string, comment:null), ]
POSTHOOK: Lineage: table_change_string_group_double_n2.c2 EXPRESSION [(schema_evolution_data_n10)schema_evolution_data_n10.FieldSchema(name:double_str, type:string, comment:null), ]
POSTHOOK: Lineage: table_change_string_group_double_n2.c3 EXPRESSION [(schema_evolution_data_n10)schema_evolution_data_n10.FieldSchema(name:double_str, type:string, comment:null), ]
POSTHOOK: Lineage: table_change_string_group_double_n2.insert_num SIMPLE [(schema_evolution_data_n10)schema_evolution_data_n10.FieldSchema(name:insert_num, type:int, comment:null), ]
_col0	_col1	_col2	_col3	_col4
PREHOOK: query: alter table table_change_string_group_double_n2 replace columns (insert_num int, c1 DOUBLE, c2 DOUBLE, c3 DOUBLE, b STRING)
PREHOOK: type: ALTERTABLE_REPLACECOLS
PREHOOK: Input: default@table_change_string_group_double_n2
PREHOOK: Output: default@table_change_string_group_double_n2
POSTHOOK: query: alter table table_change_string_group_double_n2 replace columns (insert_num int, c1 DOUBLE, c2 DOUBLE, c3 DOUBLE, b STRING)
POSTHOOK: type: ALTERTABLE_REPLACECOLS
POSTHOOK: Input: default@table_change_string_group_double_n2
POSTHOOK: Output: default@table_change_string_group_double_n2
PREHOOK: query: insert into table table_change_string_group_double_n2 VALUES (111, 789.321, 789.321, 789.321, 'new')
PREHOOK: type: QUERY
PREHOOK: Input: _dummy_database@_dummy_table
PREHOOK: Output: default@table_change_string_group_double_n2
POSTHOOK: query: insert into table table_change_string_group_double_n2 VALUES (111, 789.321, 789.321, 789.321, 'new')
POSTHOOK: type: QUERY
POSTHOOK: Input: _dummy_database@_dummy_table
POSTHOOK: Output: default@table_change_string_group_double_n2
POSTHOOK: Lineage: table_change_string_group_double_n2.b SCRIPT []
POSTHOOK: Lineage: table_change_string_group_double_n2.c1 SCRIPT []
POSTHOOK: Lineage: table_change_string_group_double_n2.c2 SCRIPT []
POSTHOOK: Lineage: table_change_string_group_double_n2.c3 SCRIPT []
POSTHOOK: Lineage: table_change_string_group_double_n2.insert_num SCRIPT []
_col0	_col1	_col2	_col3	_col4
PREHOOK: query: explain vectorization detail
select insert_num,c1,c2,c3,b from table_change_string_group_double_n2
PREHOOK: type: QUERY
PREHOOK: Input: default@table_change_string_group_double_n2
#### A masked pattern was here ####
POSTHOOK: query: explain vectorization detail
select insert_num,c1,c2,c3,b from table_change_string_group_double_n2
POSTHOOK: type: QUERY
POSTHOOK: Input: default@table_change_string_group_double_n2
#### A masked pattern was here ####
Explain
PLAN VECTORIZATION:
  enabled: false
  enabledConditionsNotMet: [hive.vectorized.execution.enabled IS false]

STAGE DEPENDENCIES:
  Stage-1 is a root stage
  Stage-0 depends on stages: Stage-1

STAGE PLANS:
  Stage: Stage-1
    Tez
#### A masked pattern was here ####
      Vertices:
        Map 1 
            Map Operator Tree:
                TableScan
                  alias: table_change_string_group_double_n2
                  Statistics: Num rows: 6 Data size: 720 Basic stats: COMPLETE Column stats: PARTIAL
                  Select Operator
                    expressions: insert_num (type: int), c1 (type: double), c2 (type: double), c3 (type: double), b (type: string)
                    outputColumnNames: _col0, _col1, _col2, _col3, _col4
                    Statistics: Num rows: 6 Data size: 720 Basic stats: COMPLETE Column stats: PARTIAL
                    File Output Operator
                      compressed: false
                      Statistics: Num rows: 6 Data size: 720 Basic stats: COMPLETE Column stats: PARTIAL
                      table:
                          input format: org.apache.hadoop.mapred.SequenceFileInputFormat
                          output format: org.apache.hadoop.hive.ql.io.HiveSequenceFileOutputFormat
                          serde: org.apache.hadoop.hive.serde2.lazy.LazySimpleSerDe
            Execution mode: llap
            LLAP IO: no inputs

  Stage: Stage-0
    Fetch Operator
      limit: -1
      Processor Tree:
        ListSink

PREHOOK: query: select insert_num,c1,c2,c3,b from table_change_string_group_double_n2
PREHOOK: type: QUERY
PREHOOK: Input: default@table_change_string_group_double_n2
#### A masked pattern was here ####
POSTHOOK: query: select insert_num,c1,c2,c3,b from table_change_string_group_double_n2
POSTHOOK: type: QUERY
POSTHOOK: Input: default@table_change_string_group_double_n2
#### A masked pattern was here ####
insert_num	c1	c2	c3	b
101	1.7976931348623157E308	1.7976931348623157E308	1.7976931348623157E308	original
102	-1.7976931348623157E308	-1.7976931348623157E308	-1.7976931348623157E308	original
103	NULL	NULL	NULL	original
104	30.774	30.774	30.774	original
105	46114.28	46114.28	46114.28	original
111	789.321	789.321	789.321	new
PREHOOK: query: drop table table_change_string_group_double_n2
PREHOOK: type: DROPTABLE
PREHOOK: Input: default@table_change_string_group_double_n2
PREHOOK: Output: default@table_change_string_group_double_n2
POSTHOOK: query: drop table table_change_string_group_double_n2
POSTHOOK: type: DROPTABLE
POSTHOOK: Input: default@table_change_string_group_double_n2
POSTHOOK: Output: default@table_change_string_group_double_n2
PREHOOK: query: CREATE TABLE table_change_date_group_string_group_date_group_n2(insert_num int, c1 DATE, c2 DATE, c3 DATE, c4 DATE, c5 DATE, c6 TIMESTAMP, c7 TIMESTAMP, c8 TIMESTAMP, c9 TIMESTAMP, c10 TIMESTAMP, b STRING)
PREHOOK: type: CREATETABLE
PREHOOK: Output: database:default
PREHOOK: Output: default@table_change_date_group_string_group_date_group_n2
POSTHOOK: query: CREATE TABLE table_change_date_group_string_group_date_group_n2(insert_num int, c1 DATE, c2 DATE, c3 DATE, c4 DATE, c5 DATE, c6 TIMESTAMP, c7 TIMESTAMP, c8 TIMESTAMP, c9 TIMESTAMP, c10 TIMESTAMP, b STRING)
POSTHOOK: type: CREATETABLE
POSTHOOK: Output: database:default
POSTHOOK: Output: default@table_change_date_group_string_group_date_group_n2
PREHOOK: query: insert into table table_change_date_group_string_group_date_group_n2 SELECT insert_num, date1, date1, date1, date1, date1, timestamp1, timestamp1, timestamp1, timestamp1, timestamp1, 'original' FROM schema_evolution_data_n10
PREHOOK: type: QUERY
PREHOOK: Input: default@schema_evolution_data_n10
PREHOOK: Output: default@table_change_date_group_string_group_date_group_n2
POSTHOOK: query: insert into table table_change_date_group_string_group_date_group_n2 SELECT insert_num, date1, date1, date1, date1, date1, timestamp1, timestamp1, timestamp1, timestamp1, timestamp1, 'original' FROM schema_evolution_data_n10
POSTHOOK: type: QUERY
POSTHOOK: Input: default@schema_evolution_data_n10
POSTHOOK: Output: default@table_change_date_group_string_group_date_group_n2
POSTHOOK: Lineage: table_change_date_group_string_group_date_group_n2.b SIMPLE []
POSTHOOK: Lineage: table_change_date_group_string_group_date_group_n2.c1 SIMPLE [(schema_evolution_data_n10)schema_evolution_data_n10.FieldSchema(name:date1, type:date, comment:null), ]
POSTHOOK: Lineage: table_change_date_group_string_group_date_group_n2.c10 SIMPLE [(schema_evolution_data_n10)schema_evolution_data_n10.FieldSchema(name:timestamp1, type:timestamp, comment:null), ]
POSTHOOK: Lineage: table_change_date_group_string_group_date_group_n2.c2 SIMPLE [(schema_evolution_data_n10)schema_evolution_data_n10.FieldSchema(name:date1, type:date, comment:null), ]
POSTHOOK: Lineage: table_change_date_group_string_group_date_group_n2.c3 SIMPLE [(schema_evolution_data_n10)schema_evolution_data_n10.FieldSchema(name:date1, type:date, comment:null), ]
POSTHOOK: Lineage: table_change_date_group_string_group_date_group_n2.c4 SIMPLE [(schema_evolution_data_n10)schema_evolution_data_n10.FieldSchema(name:date1, type:date, comment:null), ]
POSTHOOK: Lineage: table_change_date_group_string_group_date_group_n2.c5 SIMPLE [(schema_evolution_data_n10)schema_evolution_data_n10.FieldSchema(name:date1, type:date, comment:null), ]
POSTHOOK: Lineage: table_change_date_group_string_group_date_group_n2.c6 SIMPLE [(schema_evolution_data_n10)schema_evolution_data_n10.FieldSchema(name:timestamp1, type:timestamp, comment:null), ]
POSTHOOK: Lineage: table_change_date_group_string_group_date_group_n2.c7 SIMPLE [(schema_evolution_data_n10)schema_evolution_data_n10.FieldSchema(name:timestamp1, type:timestamp, comment:null), ]
POSTHOOK: Lineage: table_change_date_group_string_group_date_group_n2.c8 SIMPLE [(schema_evolution_data_n10)schema_evolution_data_n10.FieldSchema(name:timestamp1, type:timestamp, comment:null), ]
POSTHOOK: Lineage: table_change_date_group_string_group_date_group_n2.c9 SIMPLE [(schema_evolution_data_n10)schema_evolution_data_n10.FieldSchema(name:timestamp1, type:timestamp, comment:null), ]
POSTHOOK: Lineage: table_change_date_group_string_group_date_group_n2.insert_num SIMPLE [(schema_evolution_data_n10)schema_evolution_data_n10.FieldSchema(name:insert_num, type:int, comment:null), ]
insert_num	date1	date1_1	date1_2	date1_3	date1_4	timestamp1	timestamp1_1	timestamp1_2	timestamp1_3	timestamp1_4	_c11
PREHOOK: query: alter table table_change_date_group_string_group_date_group_n2 replace columns(insert_num int, c1 STRING, c2 CHAR(50), c3 CHAR(15), c4 VARCHAR(50), c5 VARCHAR(15), c6 STRING, c7 CHAR(50), c8 CHAR(15), c9 VARCHAR(50), c10 VARCHAR(15), b STRING)
PREHOOK: type: ALTERTABLE_REPLACECOLS
PREHOOK: Input: default@table_change_date_group_string_group_date_group_n2
PREHOOK: Output: default@table_change_date_group_string_group_date_group_n2
POSTHOOK: query: alter table table_change_date_group_string_group_date_group_n2 replace columns(insert_num int, c1 STRING, c2 CHAR(50), c3 CHAR(15), c4 VARCHAR(50), c5 VARCHAR(15), c6 STRING, c7 CHAR(50), c8 CHAR(15), c9 VARCHAR(50), c10 VARCHAR(15), b STRING)
POSTHOOK: type: ALTERTABLE_REPLACECOLS
POSTHOOK: Input: default@table_change_date_group_string_group_date_group_n2
POSTHOOK: Output: default@table_change_date_group_string_group_date_group_n2
PREHOOK: query: insert into table table_change_date_group_string_group_date_group_n2 VALUES (111, 'filler', 'filler', 'filler', 'filler', 'filler', 'filler', 'filler', 'filler', 'filler', 'filler', 'new')
PREHOOK: type: QUERY
PREHOOK: Input: _dummy_database@_dummy_table
PREHOOK: Output: default@table_change_date_group_string_group_date_group_n2
POSTHOOK: query: insert into table table_change_date_group_string_group_date_group_n2 VALUES (111, 'filler', 'filler', 'filler', 'filler', 'filler', 'filler', 'filler', 'filler', 'filler', 'filler', 'new')
POSTHOOK: type: QUERY
POSTHOOK: Input: _dummy_database@_dummy_table
POSTHOOK: Output: default@table_change_date_group_string_group_date_group_n2
POSTHOOK: Lineage: table_change_date_group_string_group_date_group_n2.b SCRIPT []
POSTHOOK: Lineage: table_change_date_group_string_group_date_group_n2.c1 SCRIPT []
POSTHOOK: Lineage: table_change_date_group_string_group_date_group_n2.c10 SCRIPT []
POSTHOOK: Lineage: table_change_date_group_string_group_date_group_n2.c2 SCRIPT []
POSTHOOK: Lineage: table_change_date_group_string_group_date_group_n2.c3 SCRIPT []
POSTHOOK: Lineage: table_change_date_group_string_group_date_group_n2.c4 SCRIPT []
POSTHOOK: Lineage: table_change_date_group_string_group_date_group_n2.c5 SCRIPT []
POSTHOOK: Lineage: table_change_date_group_string_group_date_group_n2.c6 SCRIPT []
POSTHOOK: Lineage: table_change_date_group_string_group_date_group_n2.c7 SCRIPT []
POSTHOOK: Lineage: table_change_date_group_string_group_date_group_n2.c8 SCRIPT []
POSTHOOK: Lineage: table_change_date_group_string_group_date_group_n2.c9 SCRIPT []
POSTHOOK: Lineage: table_change_date_group_string_group_date_group_n2.insert_num SCRIPT []
_col0	_col1	_col2	_col3	_col4	_col5	_col6	_col7	_col8	_col9	_col10	_col11
PREHOOK: query: select insert_num,c1,c2,c3,c4,c5,c6,c7,c8,c9,c10,b from table_change_date_group_string_group_date_group_n2
PREHOOK: type: QUERY
PREHOOK: Input: default@table_change_date_group_string_group_date_group_n2
#### A masked pattern was here ####
POSTHOOK: query: select insert_num,c1,c2,c3,c4,c5,c6,c7,c8,c9,c10,b from table_change_date_group_string_group_date_group_n2
POSTHOOK: type: QUERY
POSTHOOK: Input: default@table_change_date_group_string_group_date_group_n2
#### A masked pattern was here ####
insert_num	c1	c2	c3	c4	c5	c6	c7	c8	c9	c10	b
101	1950-12-18	1950-12-18                                        	1950-12-18     	1950-12-18	1950-12-18	6229-06-28 02:54:28.970117179	6229-06-28 02:54:28.970117179                     	6229-06-28 02:5	6229-06-28 02:54:28.970117179	6229-06-28 02:5	original
102	2049-12-18	2049-12-18                                        	2049-12-18     	2049-12-18	2049-12-18	5966-07-09 03:30:50.597	5966-07-09 03:30:50.597                           	5966-07-09 03:3	5966-07-09 03:30:50.597	5966-07-09 03:3	original
103	NULL	NULL	NULL	NULL	NULL	NULL	NULL	NULL	NULL	NULL	original
104	2021-09-24	2021-09-24                                        	2021-09-24     	2021-09-24	2021-09-24	1978-08-02 06:34:14	1978-08-02 06:34:14                               	1978-08-02 06:3	1978-08-02 06:34:14	1978-08-02 06:3	original
105	2024-11-11	2024-11-11                                        	2024-11-11     	2024-11-11	2024-11-11	1991-01-06 16:20:39.72036854	1991-01-06 16:20:39.72036854                      	1991-01-06 16:2	1991-01-06 16:20:39.72036854	1991-01-06 16:2	original
111	filler	filler                                            	filler         	filler	filler	filler	filler                                            	filler         	filler	filler	new
PREHOOK: query: drop table table_change_date_group_string_group_date_group_n2
PREHOOK: type: DROPTABLE
PREHOOK: Input: default@table_change_date_group_string_group_date_group_n2
PREHOOK: Output: default@table_change_date_group_string_group_date_group_n2
POSTHOOK: query: drop table table_change_date_group_string_group_date_group_n2
POSTHOOK: type: DROPTABLE
POSTHOOK: Input: default@table_change_date_group_string_group_date_group_n2
POSTHOOK: Output: default@table_change_date_group_string_group_date_group_n2
PREHOOK: query: CREATE TABLE table_change_numeric_group_string_group_multi_ints_string_group_n2(insert_num int,
             c1 tinyint, c2 smallint, c3 int, c4 bigint,
             c5 tinyint, c6 smallint, c7 int, c8 bigint, c9 tinyint, c10 smallint, c11 int, c12 bigint,
             c13 tinyint, c14 smallint, c15 int, c16 bigint, c17 tinyint, c18 smallint, c19 int, c20 bigint,
             b STRING)
PREHOOK: type: CREATETABLE
PREHOOK: Output: database:default
PREHOOK: Output: default@table_change_numeric_group_string_group_multi_ints_string_group_n2
POSTHOOK: query: CREATE TABLE table_change_numeric_group_string_group_multi_ints_string_group_n2(insert_num int,
             c1 tinyint, c2 smallint, c3 int, c4 bigint,
             c5 tinyint, c6 smallint, c7 int, c8 bigint, c9 tinyint, c10 smallint, c11 int, c12 bigint,
             c13 tinyint, c14 smallint, c15 int, c16 bigint, c17 tinyint, c18 smallint, c19 int, c20 bigint,
             b STRING)
POSTHOOK: type: CREATETABLE
POSTHOOK: Output: database:default
POSTHOOK: Output: default@table_change_numeric_group_string_group_multi_ints_string_group_n2
PREHOOK: query: insert into table table_change_numeric_group_string_group_multi_ints_string_group_n2 SELECT insert_num,
             tinyint1, smallint1, int1, bigint1,
             tinyint1, smallint1, int1, bigint1, tinyint1, smallint1, int1, bigint1,
             tinyint1, smallint1, int1, bigint1, tinyint1, smallint1, int1, bigint1,
             'original' FROM schema_evolution_data_n10
PREHOOK: type: QUERY
PREHOOK: Input: default@schema_evolution_data_n10
PREHOOK: Output: default@table_change_numeric_group_string_group_multi_ints_string_group_n2
POSTHOOK: query: insert into table table_change_numeric_group_string_group_multi_ints_string_group_n2 SELECT insert_num,
             tinyint1, smallint1, int1, bigint1,
             tinyint1, smallint1, int1, bigint1, tinyint1, smallint1, int1, bigint1,
             tinyint1, smallint1, int1, bigint1, tinyint1, smallint1, int1, bigint1,
             'original' FROM schema_evolution_data_n10
POSTHOOK: type: QUERY
POSTHOOK: Input: default@schema_evolution_data_n10
POSTHOOK: Output: default@table_change_numeric_group_string_group_multi_ints_string_group_n2
POSTHOOK: Lineage: table_change_numeric_group_string_group_multi_ints_string_group_n2.b SIMPLE []
POSTHOOK: Lineage: table_change_numeric_group_string_group_multi_ints_string_group_n2.c1 SIMPLE [(schema_evolution_data_n10)schema_evolution_data_n10.FieldSchema(name:tinyint1, type:tinyint, comment:null), ]
POSTHOOK: Lineage: table_change_numeric_group_string_group_multi_ints_string_group_n2.c10 SIMPLE [(schema_evolution_data_n10)schema_evolution_data_n10.FieldSchema(name:smallint1, type:smallint, comment:null), ]
POSTHOOK: Lineage: table_change_numeric_group_string_group_multi_ints_string_group_n2.c11 SIMPLE [(schema_evolution_data_n10)schema_evolution_data_n10.FieldSchema(name:int1, type:int, comment:null), ]
POSTHOOK: Lineage: table_change_numeric_group_string_group_multi_ints_string_group_n2.c12 SIMPLE [(schema_evolution_data_n10)schema_evolution_data_n10.FieldSchema(name:bigint1, type:bigint, comment:null), ]
POSTHOOK: Lineage: table_change_numeric_group_string_group_multi_ints_string_group_n2.c13 SIMPLE [(schema_evolution_data_n10)schema_evolution_data_n10.FieldSchema(name:tinyint1, type:tinyint, comment:null), ]
POSTHOOK: Lineage: table_change_numeric_group_string_group_multi_ints_string_group_n2.c14 SIMPLE [(schema_evolution_data_n10)schema_evolution_data_n10.FieldSchema(name:smallint1, type:smallint, comment:null), ]
POSTHOOK: Lineage: table_change_numeric_group_string_group_multi_ints_string_group_n2.c15 SIMPLE [(schema_evolution_data_n10)schema_evolution_data_n10.FieldSchema(name:int1, type:int, comment:null), ]
POSTHOOK: Lineage: table_change_numeric_group_string_group_multi_ints_string_group_n2.c16 SIMPLE [(schema_evolution_data_n10)schema_evolution_data_n10.FieldSchema(name:bigint1, type:bigint, comment:null), ]
POSTHOOK: Lineage: table_change_numeric_group_string_group_multi_ints_string_group_n2.c17 SIMPLE [(schema_evolution_data_n10)schema_evolution_data_n10.FieldSchema(name:tinyint1, type:tinyint, comment:null), ]
POSTHOOK: Lineage: table_change_numeric_group_string_group_multi_ints_string_group_n2.c18 SIMPLE [(schema_evolution_data_n10)schema_evolution_data_n10.FieldSchema(name:smallint1, type:smallint, comment:null), ]
POSTHOOK: Lineage: table_change_numeric_group_string_group_multi_ints_string_group_n2.c19 SIMPLE [(schema_evolution_data_n10)schema_evolution_data_n10.FieldSchema(name:int1, type:int, comment:null), ]
POSTHOOK: Lineage: table_change_numeric_group_string_group_multi_ints_string_group_n2.c2 SIMPLE [(schema_evolution_data_n10)schema_evolution_data_n10.FieldSchema(name:smallint1, type:smallint, comment:null), ]
POSTHOOK: Lineage: table_change_numeric_group_string_group_multi_ints_string_group_n2.c20 SIMPLE [(schema_evolution_data_n10)schema_evolution_data_n10.FieldSchema(name:bigint1, type:bigint, comment:null), ]
POSTHOOK: Lineage: table_change_numeric_group_string_group_multi_ints_string_group_n2.c3 SIMPLE [(schema_evolution_data_n10)schema_evolution_data_n10.FieldSchema(name:int1, type:int, comment:null), ]
POSTHOOK: Lineage: table_change_numeric_group_string_group_multi_ints_string_group_n2.c4 SIMPLE [(schema_evolution_data_n10)schema_evolution_data_n10.FieldSchema(name:bigint1, type:bigint, comment:null), ]
POSTHOOK: Lineage: table_change_numeric_group_string_group_multi_ints_string_group_n2.c5 SIMPLE [(schema_evolution_data_n10)schema_evolution_data_n10.FieldSchema(name:tinyint1, type:tinyint, comment:null), ]
POSTHOOK: Lineage: table_change_numeric_group_string_group_multi_ints_string_group_n2.c6 SIMPLE [(schema_evolution_data_n10)schema_evolution_data_n10.FieldSchema(name:smallint1, type:smallint, comment:null), ]
POSTHOOK: Lineage: table_change_numeric_group_string_group_multi_ints_string_group_n2.c7 SIMPLE [(schema_evolution_data_n10)schema_evolution_data_n10.FieldSchema(name:int1, type:int, comment:null), ]
POSTHOOK: Lineage: table_change_numeric_group_string_group_multi_ints_string_group_n2.c8 SIMPLE [(schema_evolution_data_n10)schema_evolution_data_n10.FieldSchema(name:bigint1, type:bigint, comment:null), ]
POSTHOOK: Lineage: table_change_numeric_group_string_group_multi_ints_string_group_n2.c9 SIMPLE [(schema_evolution_data_n10)schema_evolution_data_n10.FieldSchema(name:tinyint1, type:tinyint, comment:null), ]
POSTHOOK: Lineage: table_change_numeric_group_string_group_multi_ints_string_group_n2.insert_num SIMPLE [(schema_evolution_data_n10)schema_evolution_data_n10.FieldSchema(name:insert_num, type:int, comment:null), ]
insert_num	tinyint1	smallint1	int1	bigint1	tinyint1_1	smallint1_1	int1_1	bigint1_1	tinyint1_2	smallint1_2	int1_2	bigint1_2	tinyint1_3	smallint1_3	int1_3	bigint1_3	tinyint1_4	smallint1_4	int1_4	bigint1_4	_c21
PREHOOK: query: select insert_num,c1,c2,c3,c4,c5,c6,c7,c8,c9,c10,c11,c12,c13,c14,c15,c16,c17,c18,c19,c20,b from table_change_numeric_group_string_group_multi_ints_string_group_n2
PREHOOK: type: QUERY
PREHOOK: Input: default@table_change_numeric_group_string_group_multi_ints_string_group_n2
#### A masked pattern was here ####
POSTHOOK: query: select insert_num,c1,c2,c3,c4,c5,c6,c7,c8,c9,c10,c11,c12,c13,c14,c15,c16,c17,c18,c19,c20,b from table_change_numeric_group_string_group_multi_ints_string_group_n2
POSTHOOK: type: QUERY
POSTHOOK: Input: default@table_change_numeric_group_string_group_multi_ints_string_group_n2
#### A masked pattern was here ####
insert_num	c1	c2	c3	c4	c5	c6	c7	c8	c9	c10	c11	c12	c13	c14	c15	c16	c17	c18	c19	c20	b
101	-128	NULL	-2147483648	NULL	-128	NULL	-2147483648	NULL	-128	NULL	-2147483648	NULL	-128	NULL	-2147483648	NULL	-128	NULL	-2147483648	NULL	original
102	127	32767	2147483647	9223372036854775807	127	32767	2147483647	9223372036854775807	127	32767	2147483647	9223372036854775807	127	32767	2147483647	9223372036854775807	127	32767	2147483647	9223372036854775807	original
103	NULL	NULL	NULL	NULL	NULL	NULL	NULL	NULL	NULL	NULL	NULL	NULL	NULL	NULL	NULL	NULL	NULL	NULL	NULL	NULL	original
104	23	834	203332	888888857923222	23	834	203332	888888857923222	23	834	203332	888888857923222	23	834	203332	888888857923222	23	834	203332	888888857923222	original
105	-99	-28300	-999992	-222282153733	-99	-28300	-999992	-222282153733	-99	-28300	-999992	-222282153733	-99	-28300	-999992	-222282153733	-99	-28300	-999992	-222282153733	original
PREHOOK: query: alter table table_change_numeric_group_string_group_multi_ints_string_group_n2 replace columns (insert_num int,
             c1 STRING, c2 STRING, c3 STRING, c4 STRING,
             c5 CHAR(50), c6 CHAR(50), c7 CHAR(50), c8 CHAR(50), c9 CHAR(5), c10 CHAR(5), c11 CHAR(5), c12 CHAR(5),
             c13 VARCHAR(50), c14 VARCHAR(50), c15 VARCHAR(50), c16 VARCHAR(50), c17 VARCHAR(5), c18 VARCHAR(5), c19 VARCHAR(5), c20 VARCHAR(5),
             b STRING)
PREHOOK: type: ALTERTABLE_REPLACECOLS
PREHOOK: Input: default@table_change_numeric_group_string_group_multi_ints_string_group_n2
PREHOOK: Output: default@table_change_numeric_group_string_group_multi_ints_string_group_n2
POSTHOOK: query: alter table table_change_numeric_group_string_group_multi_ints_string_group_n2 replace columns (insert_num int,
             c1 STRING, c2 STRING, c3 STRING, c4 STRING,
             c5 CHAR(50), c6 CHAR(50), c7 CHAR(50), c8 CHAR(50), c9 CHAR(5), c10 CHAR(5), c11 CHAR(5), c12 CHAR(5),
             c13 VARCHAR(50), c14 VARCHAR(50), c15 VARCHAR(50), c16 VARCHAR(50), c17 VARCHAR(5), c18 VARCHAR(5), c19 VARCHAR(5), c20 VARCHAR(5),
             b STRING)
POSTHOOK: type: ALTERTABLE_REPLACECOLS
POSTHOOK: Input: default@table_change_numeric_group_string_group_multi_ints_string_group_n2
POSTHOOK: Output: default@table_change_numeric_group_string_group_multi_ints_string_group_n2
PREHOOK: query: insert into table table_change_numeric_group_string_group_multi_ints_string_group_n2 VALUES (111,
            'filler', 'filler', 'filler', 'filler',
            'filler', 'filler', 'filler', 'filler', 'filler', 'filler', 'filler', 'filler',
            'filler', 'filler', 'filler', 'filler', 'filler', 'filler', 'filler', 'filler',
            'new')
PREHOOK: type: QUERY
PREHOOK: Input: _dummy_database@_dummy_table
PREHOOK: Output: default@table_change_numeric_group_string_group_multi_ints_string_group_n2
POSTHOOK: query: insert into table table_change_numeric_group_string_group_multi_ints_string_group_n2 VALUES (111,
            'filler', 'filler', 'filler', 'filler',
            'filler', 'filler', 'filler', 'filler', 'filler', 'filler', 'filler', 'filler',
            'filler', 'filler', 'filler', 'filler', 'filler', 'filler', 'filler', 'filler',
            'new')
POSTHOOK: type: QUERY
POSTHOOK: Input: _dummy_database@_dummy_table
POSTHOOK: Output: default@table_change_numeric_group_string_group_multi_ints_string_group_n2
POSTHOOK: Lineage: table_change_numeric_group_string_group_multi_ints_string_group_n2.b SCRIPT []
POSTHOOK: Lineage: table_change_numeric_group_string_group_multi_ints_string_group_n2.c1 SCRIPT []
POSTHOOK: Lineage: table_change_numeric_group_string_group_multi_ints_string_group_n2.c10 SCRIPT []
POSTHOOK: Lineage: table_change_numeric_group_string_group_multi_ints_string_group_n2.c11 SCRIPT []
POSTHOOK: Lineage: table_change_numeric_group_string_group_multi_ints_string_group_n2.c12 SCRIPT []
POSTHOOK: Lineage: table_change_numeric_group_string_group_multi_ints_string_group_n2.c13 SCRIPT []
POSTHOOK: Lineage: table_change_numeric_group_string_group_multi_ints_string_group_n2.c14 SCRIPT []
POSTHOOK: Lineage: table_change_numeric_group_string_group_multi_ints_string_group_n2.c15 SCRIPT []
POSTHOOK: Lineage: table_change_numeric_group_string_group_multi_ints_string_group_n2.c16 SCRIPT []
POSTHOOK: Lineage: table_change_numeric_group_string_group_multi_ints_string_group_n2.c17 SCRIPT []
POSTHOOK: Lineage: table_change_numeric_group_string_group_multi_ints_string_group_n2.c18 SCRIPT []
POSTHOOK: Lineage: table_change_numeric_group_string_group_multi_ints_string_group_n2.c19 SCRIPT []
POSTHOOK: Lineage: table_change_numeric_group_string_group_multi_ints_string_group_n2.c2 SCRIPT []
POSTHOOK: Lineage: table_change_numeric_group_string_group_multi_ints_string_group_n2.c20 SCRIPT []
POSTHOOK: Lineage: table_change_numeric_group_string_group_multi_ints_string_group_n2.c3 SCRIPT []
POSTHOOK: Lineage: table_change_numeric_group_string_group_multi_ints_string_group_n2.c4 SCRIPT []
POSTHOOK: Lineage: table_change_numeric_group_string_group_multi_ints_string_group_n2.c5 SCRIPT []
POSTHOOK: Lineage: table_change_numeric_group_string_group_multi_ints_string_group_n2.c6 SCRIPT []
POSTHOOK: Lineage: table_change_numeric_group_string_group_multi_ints_string_group_n2.c7 SCRIPT []
POSTHOOK: Lineage: table_change_numeric_group_string_group_multi_ints_string_group_n2.c8 SCRIPT []
POSTHOOK: Lineage: table_change_numeric_group_string_group_multi_ints_string_group_n2.c9 SCRIPT []
POSTHOOK: Lineage: table_change_numeric_group_string_group_multi_ints_string_group_n2.insert_num SCRIPT []
_col0	_col1	_col2	_col3	_col4	_col5	_col6	_col7	_col8	_col9	_col10	_col11	_col12	_col13	_col14	_col15	_col16	_col17	_col18	_col19	_col20	_col21
PREHOOK: query: explain vectorization detail
select insert_num,c1,c2,c3,c4,c5,c6,c7,c8,c9,c10,c11,c12,c13,c14,c15,c16,c17,c18,c19,c20,b from table_change_numeric_group_string_group_multi_ints_string_group_n2
PREHOOK: type: QUERY
PREHOOK: Input: default@table_change_numeric_group_string_group_multi_ints_string_group_n2
#### A masked pattern was here ####
POSTHOOK: query: explain vectorization detail
select insert_num,c1,c2,c3,c4,c5,c6,c7,c8,c9,c10,c11,c12,c13,c14,c15,c16,c17,c18,c19,c20,b from table_change_numeric_group_string_group_multi_ints_string_group_n2
POSTHOOK: type: QUERY
POSTHOOK: Input: default@table_change_numeric_group_string_group_multi_ints_string_group_n2
#### A masked pattern was here ####
Explain
PLAN VECTORIZATION:
  enabled: false
  enabledConditionsNotMet: [hive.vectorized.execution.enabled IS false]

STAGE DEPENDENCIES:
  Stage-1 is a root stage
  Stage-0 depends on stages: Stage-1

STAGE PLANS:
  Stage: Stage-1
    Tez
#### A masked pattern was here ####
      Vertices:
        Map 1 
            Map Operator Tree:
                TableScan
                  alias: table_change_numeric_group_string_group_multi_ints_string_group_n2
                  Statistics: Num rows: 6 Data size: 15696 Basic stats: COMPLETE Column stats: PARTIAL
                  Select Operator
                    expressions: insert_num (type: int), c1 (type: string), c2 (type: string), c3 (type: string), c4 (type: string), c5 (type: char(50)), c6 (type: char(50)), c7 (type: char(50)), c8 (type: char(50)), c9 (type: char(5)), c10 (type: char(5)), c11 (type: char(5)), c12 (type: char(5)), c13 (type: varchar(50)), c14 (type: varchar(50)), c15 (type: varchar(50)), c16 (type: varchar(50)), c17 (type: varchar(5)), c18 (type: varchar(5)), c19 (type: varchar(5)), c20 (type: varchar(5)), b (type: string)
                    outputColumnNames: _col0, _col1, _col2, _col3, _col4, _col5, _col6, _col7, _col8, _col9, _col10, _col11, _col12, _col13, _col14, _col15, _col16, _col17, _col18, _col19, _col20, _col21
                    Statistics: Num rows: 6 Data size: 15696 Basic stats: COMPLETE Column stats: PARTIAL
                    File Output Operator
                      compressed: false
                      Statistics: Num rows: 6 Data size: 15696 Basic stats: COMPLETE Column stats: PARTIAL
                      table:
                          input format: org.apache.hadoop.mapred.SequenceFileInputFormat
                          output format: org.apache.hadoop.hive.ql.io.HiveSequenceFileOutputFormat
                          serde: org.apache.hadoop.hive.serde2.lazy.LazySimpleSerDe
            Execution mode: llap
            LLAP IO: no inputs

  Stage: Stage-0
    Fetch Operator
      limit: -1
      Processor Tree:
        ListSink

PREHOOK: query: select insert_num,c1,c2,c3,c4,c5,c6,c7,c8,c9,c10,c11,c12,c13,c14,c15,c16,c17,c18,c19,c20,b from table_change_numeric_group_string_group_multi_ints_string_group_n2
PREHOOK: type: QUERY
PREHOOK: Input: default@table_change_numeric_group_string_group_multi_ints_string_group_n2
#### A masked pattern was here ####
POSTHOOK: query: select insert_num,c1,c2,c3,c4,c5,c6,c7,c8,c9,c10,c11,c12,c13,c14,c15,c16,c17,c18,c19,c20,b from table_change_numeric_group_string_group_multi_ints_string_group_n2
POSTHOOK: type: QUERY
POSTHOOK: Input: default@table_change_numeric_group_string_group_multi_ints_string_group_n2
#### A masked pattern was here ####
insert_num	c1	c2	c3	c4	c5	c6	c7	c8	c9	c10	c11	c12	c13	c14	c15	c16	c17	c18	c19	c20	b
101	-128	NULL	-2147483648	NULL	-128                                              	NULL	-2147483648                                       	NULL	-128 	NULL	-2147	NULL	-128	NULL	-2147483648	NULL	-128	NULL	-2147	NULL	original
102	127	32767	2147483647	9223372036854775807	127                                               	32767                                             	2147483647                                        	9223372036854775807                               	127  	32767	21474	92233	127	32767	2147483647	9223372036854775807	127	32767	21474	92233	original
103	NULL	NULL	NULL	NULL	NULL	NULL	NULL	NULL	NULL	NULL	NULL	NULL	NULL	NULL	NULL	NULL	NULL	NULL	NULL	NULL	original
104	23	834	203332	888888857923222	23                                                	834                                               	203332                                            	888888857923222                                   	23   	834  	20333	88888	23	834	203332	888888857923222	23	834	20333	88888	original
105	-99	-28300	-999992	-222282153733	-99                                               	-28300                                            	-999992                                           	-222282153733                                     	-99  	-2830	-9999	-2222	-99	-28300	-999992	-222282153733	-99	-2830	-9999	-2222	original
111	filler	filler	filler	filler	filler                                            	filler                                            	filler                                            	filler                                            	fille	fille	fille	fille	filler	filler	filler	filler	fille	fille	fille	fille	new
PREHOOK: query: drop table table_change_numeric_group_string_group_multi_ints_string_group_n2
PREHOOK: type: DROPTABLE
PREHOOK: Input: default@table_change_numeric_group_string_group_multi_ints_string_group_n2
PREHOOK: Output: default@table_change_numeric_group_string_group_multi_ints_string_group_n2
POSTHOOK: query: drop table table_change_numeric_group_string_group_multi_ints_string_group_n2
POSTHOOK: type: DROPTABLE
POSTHOOK: Input: default@table_change_numeric_group_string_group_multi_ints_string_group_n2
POSTHOOK: Output: default@table_change_numeric_group_string_group_multi_ints_string_group_n2
PREHOOK: query: CREATE TABLE table_change_numeric_group_string_group_floating_string_group_n2(insert_num int,
              c1 decimal(38,18), c2 float, c3 double,
              c4 decimal(38,18), c5 float, c6 double, c7 decimal(38,18), c8 float, c9 double,
              c10 decimal(38,18), c11 float, c12 double, c13 decimal(38,18), c14 float, c15 double,
              b STRING)
PREHOOK: type: CREATETABLE
PREHOOK: Output: database:default
PREHOOK: Output: default@table_change_numeric_group_string_group_floating_string_group_n2
POSTHOOK: query: CREATE TABLE table_change_numeric_group_string_group_floating_string_group_n2(insert_num int,
              c1 decimal(38,18), c2 float, c3 double,
              c4 decimal(38,18), c5 float, c6 double, c7 decimal(38,18), c8 float, c9 double,
              c10 decimal(38,18), c11 float, c12 double, c13 decimal(38,18), c14 float, c15 double,
              b STRING)
POSTHOOK: type: CREATETABLE
POSTHOOK: Output: database:default
POSTHOOK: Output: default@table_change_numeric_group_string_group_floating_string_group_n2
PREHOOK: query: insert into table table_change_numeric_group_string_group_floating_string_group_n2 SELECT insert_num,
              decimal1, float1, double1,
              decimal1, float1, double1, decimal1, float1, double1,
              decimal1, float1, double1, decimal1, float1, double1,
             'original' FROM schema_evolution_data_n10
PREHOOK: type: QUERY
PREHOOK: Input: default@schema_evolution_data_n10
PREHOOK: Output: default@table_change_numeric_group_string_group_floating_string_group_n2
POSTHOOK: query: insert into table table_change_numeric_group_string_group_floating_string_group_n2 SELECT insert_num,
              decimal1, float1, double1,
              decimal1, float1, double1, decimal1, float1, double1,
              decimal1, float1, double1, decimal1, float1, double1,
             'original' FROM schema_evolution_data_n10
POSTHOOK: type: QUERY
POSTHOOK: Input: default@schema_evolution_data_n10
POSTHOOK: Output: default@table_change_numeric_group_string_group_floating_string_group_n2
POSTHOOK: Lineage: table_change_numeric_group_string_group_floating_string_group_n2.b SIMPLE []
POSTHOOK: Lineage: table_change_numeric_group_string_group_floating_string_group_n2.c1 SIMPLE [(schema_evolution_data_n10)schema_evolution_data_n10.FieldSchema(name:decimal1, type:decimal(38,18), comment:null), ]
POSTHOOK: Lineage: table_change_numeric_group_string_group_floating_string_group_n2.c10 SIMPLE [(schema_evolution_data_n10)schema_evolution_data_n10.FieldSchema(name:decimal1, type:decimal(38,18), comment:null), ]
POSTHOOK: Lineage: table_change_numeric_group_string_group_floating_string_group_n2.c11 SIMPLE [(schema_evolution_data_n10)schema_evolution_data_n10.FieldSchema(name:float1, type:float, comment:null), ]
POSTHOOK: Lineage: table_change_numeric_group_string_group_floating_string_group_n2.c12 SIMPLE [(schema_evolution_data_n10)schema_evolution_data_n10.FieldSchema(name:double1, type:double, comment:null), ]
POSTHOOK: Lineage: table_change_numeric_group_string_group_floating_string_group_n2.c13 SIMPLE [(schema_evolution_data_n10)schema_evolution_data_n10.FieldSchema(name:decimal1, type:decimal(38,18), comment:null), ]
POSTHOOK: Lineage: table_change_numeric_group_string_group_floating_string_group_n2.c14 SIMPLE [(schema_evolution_data_n10)schema_evolution_data_n10.FieldSchema(name:float1, type:float, comment:null), ]
POSTHOOK: Lineage: table_change_numeric_group_string_group_floating_string_group_n2.c15 SIMPLE [(schema_evolution_data_n10)schema_evolution_data_n10.FieldSchema(name:double1, type:double, comment:null), ]
POSTHOOK: Lineage: table_change_numeric_group_string_group_floating_string_group_n2.c2 SIMPLE [(schema_evolution_data_n10)schema_evolution_data_n10.FieldSchema(name:float1, type:float, comment:null), ]
POSTHOOK: Lineage: table_change_numeric_group_string_group_floating_string_group_n2.c3 SIMPLE [(schema_evolution_data_n10)schema_evolution_data_n10.FieldSchema(name:double1, type:double, comment:null), ]
POSTHOOK: Lineage: table_change_numeric_group_string_group_floating_string_group_n2.c4 SIMPLE [(schema_evolution_data_n10)schema_evolution_data_n10.FieldSchema(name:decimal1, type:decimal(38,18), comment:null), ]
POSTHOOK: Lineage: table_change_numeric_group_string_group_floating_string_group_n2.c5 SIMPLE [(schema_evolution_data_n10)schema_evolution_data_n10.FieldSchema(name:float1, type:float, comment:null), ]
POSTHOOK: Lineage: table_change_numeric_group_string_group_floating_string_group_n2.c6 SIMPLE [(schema_evolution_data_n10)schema_evolution_data_n10.FieldSchema(name:double1, type:double, comment:null), ]
POSTHOOK: Lineage: table_change_numeric_group_string_group_floating_string_group_n2.c7 SIMPLE [(schema_evolution_data_n10)schema_evolution_data_n10.FieldSchema(name:decimal1, type:decimal(38,18), comment:null), ]
POSTHOOK: Lineage: table_change_numeric_group_string_group_floating_string_group_n2.c8 SIMPLE [(schema_evolution_data_n10)schema_evolution_data_n10.FieldSchema(name:float1, type:float, comment:null), ]
POSTHOOK: Lineage: table_change_numeric_group_string_group_floating_string_group_n2.c9 SIMPLE [(schema_evolution_data_n10)schema_evolution_data_n10.FieldSchema(name:double1, type:double, comment:null), ]
POSTHOOK: Lineage: table_change_numeric_group_string_group_floating_string_group_n2.insert_num SIMPLE [(schema_evolution_data_n10)schema_evolution_data_n10.FieldSchema(name:insert_num, type:int, comment:null), ]
insert_num	decimal1	float1	double1	decimal1_1	float1_1	double1_1	decimal1_2	float1_2	double1_2	decimal1_3	float1_3	double1_3	decimal1_4	float1_4	double1_4	_c16
PREHOOK: query: select insert_num,c1,c2,c3,c4,c5,c6,c7,c8,c9,c10,c11,c12,c13,c14,c15,b from table_change_numeric_group_string_group_floating_string_group_n2
PREHOOK: type: QUERY
PREHOOK: Input: default@table_change_numeric_group_string_group_floating_string_group_n2
#### A masked pattern was here ####
POSTHOOK: query: select insert_num,c1,c2,c3,c4,c5,c6,c7,c8,c9,c10,c11,c12,c13,c14,c15,b from table_change_numeric_group_string_group_floating_string_group_n2
POSTHOOK: type: QUERY
POSTHOOK: Input: default@table_change_numeric_group_string_group_floating_string_group_n2
#### A masked pattern was here ####
insert_num	c1	c2	c3	c4	c5	c6	c7	c8	c9	c10	c11	c12	c13	c14	c15	b
101	99999999999999999999.999999999999999999	Infinity	1.7976931348623157E308	99999999999999999999.999999999999999999	Infinity	1.7976931348623157E308	99999999999999999999.999999999999999999	Infinity	1.7976931348623157E308	99999999999999999999.999999999999999999	Infinity	1.7976931348623157E308	99999999999999999999.999999999999999999	Infinity	1.7976931348623157E308	original
102	-99999999999999999999.999999999999999999	-Infinity	-1.7976931348623157E308	-99999999999999999999.999999999999999999	-Infinity	-1.7976931348623157E308	-99999999999999999999.999999999999999999	-Infinity	-1.7976931348623157E308	-99999999999999999999.999999999999999999	-Infinity	-1.7976931348623157E308	-99999999999999999999.999999999999999999	-Infinity	-1.7976931348623157E308	original
103	NULL	NULL	NULL	NULL	NULL	NULL	NULL	NULL	NULL	NULL	NULL	NULL	NULL	NULL	NULL	original
104	66475.561431000000000000	-100.35978	30.774	66475.561431000000000000	-100.35978	30.774	66475.561431000000000000	-100.35978	30.774	66475.561431000000000000	-100.35978	30.774	66475.561431000000000000	-100.35978	30.774	original
105	9250340.750000000000000000	NULL	46114.28	9250340.750000000000000000	NULL	46114.28	9250340.750000000000000000	NULL	46114.28	9250340.750000000000000000	NULL	46114.28	9250340.750000000000000000	NULL	46114.28	original
PREHOOK: query: alter table table_change_numeric_group_string_group_floating_string_group_n2 replace columns (insert_num int,
              c1 STRING, c2 STRING, c3 STRING,
              c4 CHAR(50), c5 CHAR(50), c6 CHAR(50), c7 CHAR(7), c8 CHAR(7), c9 CHAR(7),
              c10 VARCHAR(50), c11 VARCHAR(50), c12 VARCHAR(50), c13 VARCHAR(7), c14 VARCHAR(7), c15 VARCHAR(7),
              b STRING)
PREHOOK: type: ALTERTABLE_REPLACECOLS
PREHOOK: Input: default@table_change_numeric_group_string_group_floating_string_group_n2
PREHOOK: Output: default@table_change_numeric_group_string_group_floating_string_group_n2
POSTHOOK: query: alter table table_change_numeric_group_string_group_floating_string_group_n2 replace columns (insert_num int,
              c1 STRING, c2 STRING, c3 STRING,
              c4 CHAR(50), c5 CHAR(50), c6 CHAR(50), c7 CHAR(7), c8 CHAR(7), c9 CHAR(7),
              c10 VARCHAR(50), c11 VARCHAR(50), c12 VARCHAR(50), c13 VARCHAR(7), c14 VARCHAR(7), c15 VARCHAR(7),
              b STRING)
POSTHOOK: type: ALTERTABLE_REPLACECOLS
POSTHOOK: Input: default@table_change_numeric_group_string_group_floating_string_group_n2
POSTHOOK: Output: default@table_change_numeric_group_string_group_floating_string_group_n2
PREHOOK: query: insert into table table_change_numeric_group_string_group_floating_string_group_n2 VALUES (111,
             'filler', 'filler', 'filler',
             'filler', 'filler', 'filler', 'filler', 'filler', 'filler',
             'filler', 'filler', 'filler', 'filler', 'filler', 'filler',
             'new')
PREHOOK: type: QUERY
PREHOOK: Input: _dummy_database@_dummy_table
PREHOOK: Output: default@table_change_numeric_group_string_group_floating_string_group_n2
POSTHOOK: query: insert into table table_change_numeric_group_string_group_floating_string_group_n2 VALUES (111,
             'filler', 'filler', 'filler',
             'filler', 'filler', 'filler', 'filler', 'filler', 'filler',
             'filler', 'filler', 'filler', 'filler', 'filler', 'filler',
             'new')
POSTHOOK: type: QUERY
POSTHOOK: Input: _dummy_database@_dummy_table
POSTHOOK: Output: default@table_change_numeric_group_string_group_floating_string_group_n2
POSTHOOK: Lineage: table_change_numeric_group_string_group_floating_string_group_n2.b SCRIPT []
POSTHOOK: Lineage: table_change_numeric_group_string_group_floating_string_group_n2.c1 SCRIPT []
POSTHOOK: Lineage: table_change_numeric_group_string_group_floating_string_group_n2.c10 SCRIPT []
POSTHOOK: Lineage: table_change_numeric_group_string_group_floating_string_group_n2.c11 SCRIPT []
POSTHOOK: Lineage: table_change_numeric_group_string_group_floating_string_group_n2.c12 SCRIPT []
POSTHOOK: Lineage: table_change_numeric_group_string_group_floating_string_group_n2.c13 SCRIPT []
POSTHOOK: Lineage: table_change_numeric_group_string_group_floating_string_group_n2.c14 SCRIPT []
POSTHOOK: Lineage: table_change_numeric_group_string_group_floating_string_group_n2.c15 SCRIPT []
POSTHOOK: Lineage: table_change_numeric_group_string_group_floating_string_group_n2.c2 SCRIPT []
POSTHOOK: Lineage: table_change_numeric_group_string_group_floating_string_group_n2.c3 SCRIPT []
POSTHOOK: Lineage: table_change_numeric_group_string_group_floating_string_group_n2.c4 SCRIPT []
POSTHOOK: Lineage: table_change_numeric_group_string_group_floating_string_group_n2.c5 SCRIPT []
POSTHOOK: Lineage: table_change_numeric_group_string_group_floating_string_group_n2.c6 SCRIPT []
POSTHOOK: Lineage: table_change_numeric_group_string_group_floating_string_group_n2.c7 SCRIPT []
POSTHOOK: Lineage: table_change_numeric_group_string_group_floating_string_group_n2.c8 SCRIPT []
POSTHOOK: Lineage: table_change_numeric_group_string_group_floating_string_group_n2.c9 SCRIPT []
POSTHOOK: Lineage: table_change_numeric_group_string_group_floating_string_group_n2.insert_num SCRIPT []
_col0	_col1	_col2	_col3	_col4	_col5	_col6	_col7	_col8	_col9	_col10	_col11	_col12	_col13	_col14	_col15	_col16
PREHOOK: query: explain vectorization detail
select insert_num,c1,c2,c3,c4,c5,c6,c7,c8,c9,c10,c11,c12,c13,c14,c15,b from table_change_numeric_group_string_group_floating_string_group_n2
PREHOOK: type: QUERY
PREHOOK: Input: default@table_change_numeric_group_string_group_floating_string_group_n2
#### A masked pattern was here ####
POSTHOOK: query: explain vectorization detail
select insert_num,c1,c2,c3,c4,c5,c6,c7,c8,c9,c10,c11,c12,c13,c14,c15,b from table_change_numeric_group_string_group_floating_string_group_n2
POSTHOOK: type: QUERY
POSTHOOK: Input: default@table_change_numeric_group_string_group_floating_string_group_n2
#### A masked pattern was here ####
Explain
PLAN VECTORIZATION:
  enabled: false
  enabledConditionsNotMet: [hive.vectorized.execution.enabled IS false]

STAGE DEPENDENCIES:
  Stage-1 is a root stage
  Stage-0 depends on stages: Stage-1

STAGE PLANS:
  Stage: Stage-1
    Tez
#### A masked pattern was here ####
      Vertices:
        Map 1 
            Map Operator Tree:
                TableScan
                  alias: table_change_numeric_group_string_group_floating_string_group_n2
                  Statistics: Num rows: 6 Data size: 10884 Basic stats: COMPLETE Column stats: PARTIAL
                  Select Operator
                    expressions: insert_num (type: int), c1 (type: string), c2 (type: string), c3 (type: string), c4 (type: char(50)), c5 (type: char(50)), c6 (type: char(50)), c7 (type: char(7)), c8 (type: char(7)), c9 (type: char(7)), c10 (type: varchar(50)), c11 (type: varchar(50)), c12 (type: varchar(50)), c13 (type: varchar(7)), c14 (type: varchar(7)), c15 (type: varchar(7)), b (type: string)
                    outputColumnNames: _col0, _col1, _col2, _col3, _col4, _col5, _col6, _col7, _col8, _col9, _col10, _col11, _col12, _col13, _col14, _col15, _col16
                    Statistics: Num rows: 6 Data size: 10884 Basic stats: COMPLETE Column stats: PARTIAL
                    File Output Operator
                      compressed: false
                      Statistics: Num rows: 6 Data size: 10884 Basic stats: COMPLETE Column stats: PARTIAL
                      table:
                          input format: org.apache.hadoop.mapred.SequenceFileInputFormat
                          output format: org.apache.hadoop.hive.ql.io.HiveSequenceFileOutputFormat
                          serde: org.apache.hadoop.hive.serde2.lazy.LazySimpleSerDe
            Execution mode: llap
            LLAP IO: no inputs

  Stage: Stage-0
    Fetch Operator
      limit: -1
      Processor Tree:
        ListSink

PREHOOK: query: select insert_num,c1,c2,c3,c4,c5,c6,c7,c8,c9,c10,c11,c12,c13,c14,c15,b from table_change_numeric_group_string_group_floating_string_group_n2
PREHOOK: type: QUERY
PREHOOK: Input: default@table_change_numeric_group_string_group_floating_string_group_n2
#### A masked pattern was here ####
POSTHOOK: query: select insert_num,c1,c2,c3,c4,c5,c6,c7,c8,c9,c10,c11,c12,c13,c14,c15,b from table_change_numeric_group_string_group_floating_string_group_n2
POSTHOOK: type: QUERY
POSTHOOK: Input: default@table_change_numeric_group_string_group_floating_string_group_n2
#### A masked pattern was here ####
insert_num	c1	c2	c3	c4	c5	c6	c7	c8	c9	c10	c11	c12	c13	c14	c15	b
101	99999999999999999999.999999999999999999	Infinity	1.7976931348623157E308	99999999999999999999.999999999999999999           	Infinity                                          	1.7976931348623157E308                            	9999999	Infinit	1.79769	99999999999999999999.999999999999999999	Infinity	1.7976931348623157E308	9999999	Infinit	1.79769	original
102	-99999999999999999999.999999999999999999	-Infinity	-1.7976931348623157E308	-99999999999999999999.999999999999999999          	-Infinity                                         	-1.7976931348623157E308                           	-999999	-Infini	-1.7976	-99999999999999999999.999999999999999999	-Infinity	-1.7976931348623157E308	-999999	-Infini	-1.7976	original
103	NULL	NULL	NULL	NULL	NULL	NULL	NULL	NULL	NULL	NULL	NULL	NULL	NULL	NULL	NULL	original
104	66475.561431000000000000	-100.35978	30.774	66475.561431000000000000                          	-100.35978                                        	30.774                                            	66475.5	-100.35	30.774 	66475.561431000000000000	-100.35978	30.774	66475.5	-100.35	30.774	original
105	9250340.750000000000000000	NULL	46114.28	9250340.750000000000000000                        	NULL	46114.28                                          	9250340	NULL	46114.2	9250340.750000000000000000	NULL	46114.28	9250340	NULL	46114.2	original
111	filler	filler	filler	filler                                            	filler                                            	filler                                            	filler 	filler 	filler 	filler	filler	filler	filler	filler	filler	new
PREHOOK: query: drop table table_change_numeric_group_string_group_floating_string_group_n2
PREHOOK: type: DROPTABLE
PREHOOK: Input: default@table_change_numeric_group_string_group_floating_string_group_n2
PREHOOK: Output: default@table_change_numeric_group_string_group_floating_string_group_n2
POSTHOOK: query: drop table table_change_numeric_group_string_group_floating_string_group_n2
POSTHOOK: type: DROPTABLE
POSTHOOK: Input: default@table_change_numeric_group_string_group_floating_string_group_n2
POSTHOOK: Output: default@table_change_numeric_group_string_group_floating_string_group_n2
PREHOOK: query: CREATE TABLE table_change_string_group_string_group_string_n2(insert_num int,
           c1 string, c2 string, c3 string, c4 string,
           c5 CHAR(50), c6 CHAR(50), c7 CHAR(50),
           c8 VARCHAR(50), c9 VARCHAR(50), c10 VARCHAR(50), b STRING)
PREHOOK: type: CREATETABLE
PREHOOK: Output: database:default
PREHOOK: Output: default@table_change_string_group_string_group_string_n2
POSTHOOK: query: CREATE TABLE table_change_string_group_string_group_string_n2(insert_num int,
           c1 string, c2 string, c3 string, c4 string,
           c5 CHAR(50), c6 CHAR(50), c7 CHAR(50),
           c8 VARCHAR(50), c9 VARCHAR(50), c10 VARCHAR(50), b STRING)
POSTHOOK: type: CREATETABLE
POSTHOOK: Output: database:default
POSTHOOK: Output: default@table_change_string_group_string_group_string_n2
PREHOOK: query: insert into table table_change_string_group_string_group_string_n2 SELECT insert_num,
           string2, string2, string2, string2,
           string2, string2, string2,
           string2, string2, string2,
          'original' FROM schema_evolution_data_n10
PREHOOK: type: QUERY
PREHOOK: Input: default@schema_evolution_data_n10
PREHOOK: Output: default@table_change_string_group_string_group_string_n2
POSTHOOK: query: insert into table table_change_string_group_string_group_string_n2 SELECT insert_num,
           string2, string2, string2, string2,
           string2, string2, string2,
           string2, string2, string2,
          'original' FROM schema_evolution_data_n10
POSTHOOK: type: QUERY
POSTHOOK: Input: default@schema_evolution_data_n10
POSTHOOK: Output: default@table_change_string_group_string_group_string_n2
POSTHOOK: Lineage: table_change_string_group_string_group_string_n2.b SIMPLE []
POSTHOOK: Lineage: table_change_string_group_string_group_string_n2.c1 SIMPLE [(schema_evolution_data_n10)schema_evolution_data_n10.FieldSchema(name:string2, type:string, comment:null), ]
POSTHOOK: Lineage: table_change_string_group_string_group_string_n2.c10 EXPRESSION [(schema_evolution_data_n10)schema_evolution_data_n10.FieldSchema(name:string2, type:string, comment:null), ]
POSTHOOK: Lineage: table_change_string_group_string_group_string_n2.c2 SIMPLE [(schema_evolution_data_n10)schema_evolution_data_n10.FieldSchema(name:string2, type:string, comment:null), ]
POSTHOOK: Lineage: table_change_string_group_string_group_string_n2.c3 SIMPLE [(schema_evolution_data_n10)schema_evolution_data_n10.FieldSchema(name:string2, type:string, comment:null), ]
POSTHOOK: Lineage: table_change_string_group_string_group_string_n2.c4 SIMPLE [(schema_evolution_data_n10)schema_evolution_data_n10.FieldSchema(name:string2, type:string, comment:null), ]
POSTHOOK: Lineage: table_change_string_group_string_group_string_n2.c5 EXPRESSION [(schema_evolution_data_n10)schema_evolution_data_n10.FieldSchema(name:string2, type:string, comment:null), ]
POSTHOOK: Lineage: table_change_string_group_string_group_string_n2.c6 EXPRESSION [(schema_evolution_data_n10)schema_evolution_data_n10.FieldSchema(name:string2, type:string, comment:null), ]
POSTHOOK: Lineage: table_change_string_group_string_group_string_n2.c7 EXPRESSION [(schema_evolution_data_n10)schema_evolution_data_n10.FieldSchema(name:string2, type:string, comment:null), ]
POSTHOOK: Lineage: table_change_string_group_string_group_string_n2.c8 EXPRESSION [(schema_evolution_data_n10)schema_evolution_data_n10.FieldSchema(name:string2, type:string, comment:null), ]
POSTHOOK: Lineage: table_change_string_group_string_group_string_n2.c9 EXPRESSION [(schema_evolution_data_n10)schema_evolution_data_n10.FieldSchema(name:string2, type:string, comment:null), ]
POSTHOOK: Lineage: table_change_string_group_string_group_string_n2.insert_num SIMPLE [(schema_evolution_data_n10)schema_evolution_data_n10.FieldSchema(name:insert_num, type:int, comment:null), ]
_col0	_col1	_col2	_col3	_col4	_col5	_col6	_col7	_col8	_col9	_col10	_col11
PREHOOK: query: select insert_num,c1,c2,c3,c4,b from table_change_string_group_string_group_string_n2
PREHOOK: type: QUERY
PREHOOK: Input: default@table_change_string_group_string_group_string_n2
#### A masked pattern was here ####
POSTHOOK: query: select insert_num,c1,c2,c3,c4,b from table_change_string_group_string_group_string_n2
POSTHOOK: type: QUERY
POSTHOOK: Input: default@table_change_string_group_string_group_string_n2
#### A masked pattern was here ####
insert_num	c1	c2	c3	c4	b
101	freckled	freckled	freckled	freckled	original
102	ox	ox	ox	ox	original
103					original
104	I cooked	I cooked	I cooked	I cooked	original
105	200	200	200	200	original
PREHOOK: query: alter table table_change_string_group_string_group_string_n2 replace columns (insert_num int,
           c1 CHAR(50), c2 CHAR(9), c3 VARCHAR(50), c4 CHAR(9),
           c5 VARCHAR(50), c6 VARCHAR(9), c7 STRING,
           c8 CHAR(50), c9 CHAR(9), c10 STRING, b STRING)
PREHOOK: type: ALTERTABLE_REPLACECOLS
PREHOOK: Input: default@table_change_string_group_string_group_string_n2
PREHOOK: Output: default@table_change_string_group_string_group_string_n2
POSTHOOK: query: alter table table_change_string_group_string_group_string_n2 replace columns (insert_num int,
           c1 CHAR(50), c2 CHAR(9), c3 VARCHAR(50), c4 CHAR(9),
           c5 VARCHAR(50), c6 VARCHAR(9), c7 STRING,
           c8 CHAR(50), c9 CHAR(9), c10 STRING, b STRING)
POSTHOOK: type: ALTERTABLE_REPLACECOLS
POSTHOOK: Input: default@table_change_string_group_string_group_string_n2
POSTHOOK: Output: default@table_change_string_group_string_group_string_n2
PREHOOK: query: insert into table table_change_string_group_string_group_string_n2 VALUES (111,
          'filler', 'filler', 'filler', 'filler',
          'filler', 'filler', 'filler',
          'filler', 'filler', 'filler',
          'new')
PREHOOK: type: QUERY
PREHOOK: Input: _dummy_database@_dummy_table
PREHOOK: Output: default@table_change_string_group_string_group_string_n2
POSTHOOK: query: insert into table table_change_string_group_string_group_string_n2 VALUES (111,
          'filler', 'filler', 'filler', 'filler',
          'filler', 'filler', 'filler',
          'filler', 'filler', 'filler',
          'new')
POSTHOOK: type: QUERY
POSTHOOK: Input: _dummy_database@_dummy_table
POSTHOOK: Output: default@table_change_string_group_string_group_string_n2
POSTHOOK: Lineage: table_change_string_group_string_group_string_n2.b SCRIPT []
POSTHOOK: Lineage: table_change_string_group_string_group_string_n2.c1 SCRIPT []
POSTHOOK: Lineage: table_change_string_group_string_group_string_n2.c10 SCRIPT []
POSTHOOK: Lineage: table_change_string_group_string_group_string_n2.c2 SCRIPT []
POSTHOOK: Lineage: table_change_string_group_string_group_string_n2.c3 SCRIPT []
POSTHOOK: Lineage: table_change_string_group_string_group_string_n2.c4 SCRIPT []
POSTHOOK: Lineage: table_change_string_group_string_group_string_n2.c5 SCRIPT []
POSTHOOK: Lineage: table_change_string_group_string_group_string_n2.c6 SCRIPT []
POSTHOOK: Lineage: table_change_string_group_string_group_string_n2.c7 SCRIPT []
POSTHOOK: Lineage: table_change_string_group_string_group_string_n2.c8 SCRIPT []
POSTHOOK: Lineage: table_change_string_group_string_group_string_n2.c9 SCRIPT []
POSTHOOK: Lineage: table_change_string_group_string_group_string_n2.insert_num SCRIPT []
_col0	_col1	_col2	_col3	_col4	_col5	_col6	_col7	_col8	_col9	_col10	_col11
PREHOOK: query: select insert_num,c1,c2,c3,c4,c5,c6,c7,c8,c9,c10,b from table_change_string_group_string_group_string_n2
PREHOOK: type: QUERY
PREHOOK: Input: default@table_change_string_group_string_group_string_n2
#### A masked pattern was here ####
POSTHOOK: query: select insert_num,c1,c2,c3,c4,c5,c6,c7,c8,c9,c10,b from table_change_string_group_string_group_string_n2
POSTHOOK: type: QUERY
POSTHOOK: Input: default@table_change_string_group_string_group_string_n2
#### A masked pattern was here ####
insert_num	c1	c2	c3	c4	c5	c6	c7	c8	c9	c10	b
101	freckled                                          	freckled 	freckled	freckled 	freckled                                          	freckled 	freckled                                          	freckled                                          	freckled 	freckled	original
102	ox                                                	ox       	ox	ox       	ox                                                	ox       	ox                                                	ox                                                	ox       	ox	original
103	                                                  	         		         	                                                  	         	                                                  	                                                  	         		original
104	I cooked                                          	I cooked 	I cooked	I cooked 	I cooked                                          	I cooked 	I cooked                                          	I cooked                                          	I cooked 	I cooked	original
105	200                                               	200      	200	200      	200                                               	200      	200                                               	200                                               	200      	200	original
111	filler                                            	filler   	filler	filler   	filler	filler	filler	filler                                            	filler   	filler	new
PREHOOK: query: drop table table_change_string_group_string_group_string_n2
PREHOOK: type: DROPTABLE
PREHOOK: Input: default@table_change_string_group_string_group_string_n2
PREHOOK: Output: default@table_change_string_group_string_group_string_n2
POSTHOOK: query: drop table table_change_string_group_string_group_string_n2
POSTHOOK: type: DROPTABLE
POSTHOOK: Input: default@table_change_string_group_string_group_string_n2
POSTHOOK: Output: default@table_change_string_group_string_group_string_n2
PREHOOK: query: CREATE TABLE table_change_lower_to_higher_numeric_group_tinyint_to_bigint_n2(insert_num int,
                                c1 tinyint, c2 tinyint, c3 tinyint, c4 tinyint, c5 tinyint, c6 tinyint,
                                c7 smallint, c8 smallint, c9 smallint, c10 smallint, c11 smallint,
                                c12 int, c13 int, c14 int, c15 int,
                                c16 bigint, c17 bigint, c18 bigint,
                                b STRING)
PREHOOK: type: CREATETABLE
PREHOOK: Output: database:default
PREHOOK: Output: default@table_change_lower_to_higher_numeric_group_tinyint_to_bigint_n2
POSTHOOK: query: CREATE TABLE table_change_lower_to_higher_numeric_group_tinyint_to_bigint_n2(insert_num int,
                                c1 tinyint, c2 tinyint, c3 tinyint, c4 tinyint, c5 tinyint, c6 tinyint,
                                c7 smallint, c8 smallint, c9 smallint, c10 smallint, c11 smallint,
                                c12 int, c13 int, c14 int, c15 int,
                                c16 bigint, c17 bigint, c18 bigint,
                                b STRING)
POSTHOOK: type: CREATETABLE
POSTHOOK: Output: database:default
POSTHOOK: Output: default@table_change_lower_to_higher_numeric_group_tinyint_to_bigint_n2
PREHOOK: query: insert into table table_change_lower_to_higher_numeric_group_tinyint_to_bigint_n2 SELECT insert_num,
                                tinyint1, tinyint1, tinyint1, tinyint1, tinyint1, tinyint1,
                                smallint1, smallint1, smallint1, smallint1, smallint1,
                                int1, int1, int1, int1,
                                bigint1, bigint1, bigint1, 
                                'original' FROM schema_evolution_data_n10
PREHOOK: type: QUERY
PREHOOK: Input: default@schema_evolution_data_n10
PREHOOK: Output: default@table_change_lower_to_higher_numeric_group_tinyint_to_bigint_n2
POSTHOOK: query: insert into table table_change_lower_to_higher_numeric_group_tinyint_to_bigint_n2 SELECT insert_num,
                                tinyint1, tinyint1, tinyint1, tinyint1, tinyint1, tinyint1,
                                smallint1, smallint1, smallint1, smallint1, smallint1,
                                int1, int1, int1, int1,
                                bigint1, bigint1, bigint1, 
                                'original' FROM schema_evolution_data_n10
POSTHOOK: type: QUERY
POSTHOOK: Input: default@schema_evolution_data_n10
POSTHOOK: Output: default@table_change_lower_to_higher_numeric_group_tinyint_to_bigint_n2
POSTHOOK: Lineage: table_change_lower_to_higher_numeric_group_tinyint_to_bigint_n2.b SIMPLE []
POSTHOOK: Lineage: table_change_lower_to_higher_numeric_group_tinyint_to_bigint_n2.c1 SIMPLE [(schema_evolution_data_n10)schema_evolution_data_n10.FieldSchema(name:tinyint1, type:tinyint, comment:null), ]
POSTHOOK: Lineage: table_change_lower_to_higher_numeric_group_tinyint_to_bigint_n2.c10 SIMPLE [(schema_evolution_data_n10)schema_evolution_data_n10.FieldSchema(name:smallint1, type:smallint, comment:null), ]
POSTHOOK: Lineage: table_change_lower_to_higher_numeric_group_tinyint_to_bigint_n2.c11 SIMPLE [(schema_evolution_data_n10)schema_evolution_data_n10.FieldSchema(name:smallint1, type:smallint, comment:null), ]
POSTHOOK: Lineage: table_change_lower_to_higher_numeric_group_tinyint_to_bigint_n2.c12 SIMPLE [(schema_evolution_data_n10)schema_evolution_data_n10.FieldSchema(name:int1, type:int, comment:null), ]
POSTHOOK: Lineage: table_change_lower_to_higher_numeric_group_tinyint_to_bigint_n2.c13 SIMPLE [(schema_evolution_data_n10)schema_evolution_data_n10.FieldSchema(name:int1, type:int, comment:null), ]
POSTHOOK: Lineage: table_change_lower_to_higher_numeric_group_tinyint_to_bigint_n2.c14 SIMPLE [(schema_evolution_data_n10)schema_evolution_data_n10.FieldSchema(name:int1, type:int, comment:null), ]
POSTHOOK: Lineage: table_change_lower_to_higher_numeric_group_tinyint_to_bigint_n2.c15 SIMPLE [(schema_evolution_data_n10)schema_evolution_data_n10.FieldSchema(name:int1, type:int, comment:null), ]
POSTHOOK: Lineage: table_change_lower_to_higher_numeric_group_tinyint_to_bigint_n2.c16 SIMPLE [(schema_evolution_data_n10)schema_evolution_data_n10.FieldSchema(name:bigint1, type:bigint, comment:null), ]
POSTHOOK: Lineage: table_change_lower_to_higher_numeric_group_tinyint_to_bigint_n2.c17 SIMPLE [(schema_evolution_data_n10)schema_evolution_data_n10.FieldSchema(name:bigint1, type:bigint, comment:null), ]
POSTHOOK: Lineage: table_change_lower_to_higher_numeric_group_tinyint_to_bigint_n2.c18 SIMPLE [(schema_evolution_data_n10)schema_evolution_data_n10.FieldSchema(name:bigint1, type:bigint, comment:null), ]
POSTHOOK: Lineage: table_change_lower_to_higher_numeric_group_tinyint_to_bigint_n2.c2 SIMPLE [(schema_evolution_data_n10)schema_evolution_data_n10.FieldSchema(name:tinyint1, type:tinyint, comment:null), ]
POSTHOOK: Lineage: table_change_lower_to_higher_numeric_group_tinyint_to_bigint_n2.c3 SIMPLE [(schema_evolution_data_n10)schema_evolution_data_n10.FieldSchema(name:tinyint1, type:tinyint, comment:null), ]
POSTHOOK: Lineage: table_change_lower_to_higher_numeric_group_tinyint_to_bigint_n2.c4 SIMPLE [(schema_evolution_data_n10)schema_evolution_data_n10.FieldSchema(name:tinyint1, type:tinyint, comment:null), ]
POSTHOOK: Lineage: table_change_lower_to_higher_numeric_group_tinyint_to_bigint_n2.c5 SIMPLE [(schema_evolution_data_n10)schema_evolution_data_n10.FieldSchema(name:tinyint1, type:tinyint, comment:null), ]
POSTHOOK: Lineage: table_change_lower_to_higher_numeric_group_tinyint_to_bigint_n2.c6 SIMPLE [(schema_evolution_data_n10)schema_evolution_data_n10.FieldSchema(name:tinyint1, type:tinyint, comment:null), ]
POSTHOOK: Lineage: table_change_lower_to_higher_numeric_group_tinyint_to_bigint_n2.c7 SIMPLE [(schema_evolution_data_n10)schema_evolution_data_n10.FieldSchema(name:smallint1, type:smallint, comment:null), ]
POSTHOOK: Lineage: table_change_lower_to_higher_numeric_group_tinyint_to_bigint_n2.c8 SIMPLE [(schema_evolution_data_n10)schema_evolution_data_n10.FieldSchema(name:smallint1, type:smallint, comment:null), ]
POSTHOOK: Lineage: table_change_lower_to_higher_numeric_group_tinyint_to_bigint_n2.c9 SIMPLE [(schema_evolution_data_n10)schema_evolution_data_n10.FieldSchema(name:smallint1, type:smallint, comment:null), ]
POSTHOOK: Lineage: table_change_lower_to_higher_numeric_group_tinyint_to_bigint_n2.insert_num SIMPLE [(schema_evolution_data_n10)schema_evolution_data_n10.FieldSchema(name:insert_num, type:int, comment:null), ]
insert_num	tinyint1	tinyint1_1	tinyint1_2	tinyint1_3	tinyint1_4	tinyint1_5	smallint1	smallint1_1	smallint1_2	smallint1_3	smallint1_4	int1	int1_1	int1_2	int1_3	bigint1	bigint1_1	bigint1_2	_c19
PREHOOK: query: select insert_num,c1,c2,c3,c4,c5,c6,c7,c8,c9,c10,c11,c12,c13,c14,c15,c16,c17,c18,b from table_change_lower_to_higher_numeric_group_tinyint_to_bigint_n2
PREHOOK: type: QUERY
PREHOOK: Input: default@table_change_lower_to_higher_numeric_group_tinyint_to_bigint_n2
#### A masked pattern was here ####
POSTHOOK: query: select insert_num,c1,c2,c3,c4,c5,c6,c7,c8,c9,c10,c11,c12,c13,c14,c15,c16,c17,c18,b from table_change_lower_to_higher_numeric_group_tinyint_to_bigint_n2
POSTHOOK: type: QUERY
POSTHOOK: Input: default@table_change_lower_to_higher_numeric_group_tinyint_to_bigint_n2
#### A masked pattern was here ####
insert_num	c1	c2	c3	c4	c5	c6	c7	c8	c9	c10	c11	c12	c13	c14	c15	c16	c17	c18	b
101	-128	-128	-128	-128	-128	-128	NULL	NULL	NULL	NULL	NULL	-2147483648	-2147483648	-2147483648	-2147483648	NULL	NULL	NULL	original
102	127	127	127	127	127	127	32767	32767	32767	32767	32767	2147483647	2147483647	2147483647	2147483647	9223372036854775807	9223372036854775807	9223372036854775807	original
103	NULL	NULL	NULL	NULL	NULL	NULL	NULL	NULL	NULL	NULL	NULL	NULL	NULL	NULL	NULL	NULL	NULL	NULL	original
104	23	23	23	23	23	23	834	834	834	834	834	203332	203332	203332	203332	888888857923222	888888857923222	888888857923222	original
105	-99	-99	-99	-99	-99	-99	-28300	-28300	-28300	-28300	-28300	-999992	-999992	-999992	-999992	-222282153733	-222282153733	-222282153733	original
PREHOOK: query: alter table table_change_lower_to_higher_numeric_group_tinyint_to_bigint_n2 replace columns (insert_num int,
             c1 SMALLINT, c2 INT, c3 BIGINT, c4 decimal(38,18), c5 FLOAT, c6 DOUBLE,
             c7 INT, c8 BIGINT, c9 decimal(38,18), c10 FLOAT, c11 DOUBLE,
             c12 BIGINT, c13 decimal(38,18), c14 FLOAT, c15 DOUBLE,
             c16 decimal(38,18), c17 FLOAT, c18 DOUBLE,
             b STRING)
PREHOOK: type: ALTERTABLE_REPLACECOLS
PREHOOK: Input: default@table_change_lower_to_higher_numeric_group_tinyint_to_bigint_n2
PREHOOK: Output: default@table_change_lower_to_higher_numeric_group_tinyint_to_bigint_n2
POSTHOOK: query: alter table table_change_lower_to_higher_numeric_group_tinyint_to_bigint_n2 replace columns (insert_num int,
             c1 SMALLINT, c2 INT, c3 BIGINT, c4 decimal(38,18), c5 FLOAT, c6 DOUBLE,
             c7 INT, c8 BIGINT, c9 decimal(38,18), c10 FLOAT, c11 DOUBLE,
             c12 BIGINT, c13 decimal(38,18), c14 FLOAT, c15 DOUBLE,
             c16 decimal(38,18), c17 FLOAT, c18 DOUBLE,
             b STRING)
POSTHOOK: type: ALTERTABLE_REPLACECOLS
POSTHOOK: Input: default@table_change_lower_to_higher_numeric_group_tinyint_to_bigint_n2
POSTHOOK: Output: default@table_change_lower_to_higher_numeric_group_tinyint_to_bigint_n2
PREHOOK: query: insert into table table_change_lower_to_higher_numeric_group_tinyint_to_bigint_n2 VALUES (111,
            7000, 80000, 90000000, 1234.5678, 9876.543, 789.321,
            80000, 90000000, 1234.5678, 9876.543, 789.321,
            90000000, 1234.5678, 9876.543, 789.321,
            1234.5678, 9876.543, 789.321,
           'new')
PREHOOK: type: QUERY
PREHOOK: Input: _dummy_database@_dummy_table
PREHOOK: Output: default@table_change_lower_to_higher_numeric_group_tinyint_to_bigint_n2
POSTHOOK: query: insert into table table_change_lower_to_higher_numeric_group_tinyint_to_bigint_n2 VALUES (111,
            7000, 80000, 90000000, 1234.5678, 9876.543, 789.321,
            80000, 90000000, 1234.5678, 9876.543, 789.321,
            90000000, 1234.5678, 9876.543, 789.321,
            1234.5678, 9876.543, 789.321,
           'new')
POSTHOOK: type: QUERY
POSTHOOK: Input: _dummy_database@_dummy_table
POSTHOOK: Output: default@table_change_lower_to_higher_numeric_group_tinyint_to_bigint_n2
POSTHOOK: Lineage: table_change_lower_to_higher_numeric_group_tinyint_to_bigint_n2.b SCRIPT []
POSTHOOK: Lineage: table_change_lower_to_higher_numeric_group_tinyint_to_bigint_n2.c1 SCRIPT []
POSTHOOK: Lineage: table_change_lower_to_higher_numeric_group_tinyint_to_bigint_n2.c10 SCRIPT []
POSTHOOK: Lineage: table_change_lower_to_higher_numeric_group_tinyint_to_bigint_n2.c11 SCRIPT []
POSTHOOK: Lineage: table_change_lower_to_higher_numeric_group_tinyint_to_bigint_n2.c12 SCRIPT []
POSTHOOK: Lineage: table_change_lower_to_higher_numeric_group_tinyint_to_bigint_n2.c13 SCRIPT []
POSTHOOK: Lineage: table_change_lower_to_higher_numeric_group_tinyint_to_bigint_n2.c14 SCRIPT []
POSTHOOK: Lineage: table_change_lower_to_higher_numeric_group_tinyint_to_bigint_n2.c15 SCRIPT []
POSTHOOK: Lineage: table_change_lower_to_higher_numeric_group_tinyint_to_bigint_n2.c16 SCRIPT []
POSTHOOK: Lineage: table_change_lower_to_higher_numeric_group_tinyint_to_bigint_n2.c17 SCRIPT []
POSTHOOK: Lineage: table_change_lower_to_higher_numeric_group_tinyint_to_bigint_n2.c18 SCRIPT []
POSTHOOK: Lineage: table_change_lower_to_higher_numeric_group_tinyint_to_bigint_n2.c2 SCRIPT []
POSTHOOK: Lineage: table_change_lower_to_higher_numeric_group_tinyint_to_bigint_n2.c3 SCRIPT []
POSTHOOK: Lineage: table_change_lower_to_higher_numeric_group_tinyint_to_bigint_n2.c4 SCRIPT []
POSTHOOK: Lineage: table_change_lower_to_higher_numeric_group_tinyint_to_bigint_n2.c5 SCRIPT []
POSTHOOK: Lineage: table_change_lower_to_higher_numeric_group_tinyint_to_bigint_n2.c6 SCRIPT []
POSTHOOK: Lineage: table_change_lower_to_higher_numeric_group_tinyint_to_bigint_n2.c7 SCRIPT []
POSTHOOK: Lineage: table_change_lower_to_higher_numeric_group_tinyint_to_bigint_n2.c8 SCRIPT []
POSTHOOK: Lineage: table_change_lower_to_higher_numeric_group_tinyint_to_bigint_n2.c9 SCRIPT []
POSTHOOK: Lineage: table_change_lower_to_higher_numeric_group_tinyint_to_bigint_n2.insert_num SCRIPT []
_col0	_col1	_col2	_col3	_col4	_col5	_col6	_col7	_col8	_col9	_col10	_col11	_col12	_col13	_col14	_col15	_col16	_col17	_col18	_col19
PREHOOK: query: select insert_num,c1,c2,c3,c4,c5,c6,c7,c8,c9,c10,c11,c12,c13,c14,c15,c16,c17,c18,b from table_change_lower_to_higher_numeric_group_tinyint_to_bigint_n2
PREHOOK: type: QUERY
PREHOOK: Input: default@table_change_lower_to_higher_numeric_group_tinyint_to_bigint_n2
#### A masked pattern was here ####
POSTHOOK: query: select insert_num,c1,c2,c3,c4,c5,c6,c7,c8,c9,c10,c11,c12,c13,c14,c15,c16,c17,c18,b from table_change_lower_to_higher_numeric_group_tinyint_to_bigint_n2
POSTHOOK: type: QUERY
POSTHOOK: Input: default@table_change_lower_to_higher_numeric_group_tinyint_to_bigint_n2
#### A masked pattern was here ####
insert_num	c1	c2	c3	c4	c5	c6	c7	c8	c9	c10	c11	c12	c13	c14	c15	c16	c17	c18	b
101	-128	-128	-128	-128.000000000000000000	-128.0	-128.0	NULL	NULL	NULL	NULL	NULL	-2147483648	-2147483648.000000000000000000	-2.14748365E9	-2.147483648E9	NULL	NULL	NULL	original
102	127	127	127	127.000000000000000000	127.0	127.0	32767	32767	32767.000000000000000000	32767.0	32767.0	2147483647	2147483647.000000000000000000	2.14748365E9	2.147483647E9	9223372036854775807.000000000000000000	9.223372E18	9.223372036854776E18	original
103	NULL	NULL	NULL	NULL	NULL	NULL	NULL	NULL	NULL	NULL	NULL	NULL	NULL	NULL	NULL	NULL	NULL	NULL	original
104	23	23	23	23.000000000000000000	23.0	23.0	834	834	834.000000000000000000	834.0	834.0	203332	203332.000000000000000000	203332.0	203332.0	888888857923222.000000000000000000	8.8888885E14	8.88888857923222E14	original
105	-99	-99	-99	-99.000000000000000000	-99.0	-99.0	-28300	-28300	-28300.000000000000000000	-28300.0	-28300.0	-999992	-999992.000000000000000000	-999992.0	-999992.0	-222282153733.000000000000000000	-2.22282154E11	-2.22282153733E11	original
111	7000	80000	90000000	1234.567800000000000000	9876.543	789.321	80000	90000000	1234.567800000000000000	9876.543	789.321	90000000	1234.567800000000000000	9876.543	789.321	1234.567800000000000000	9876.543	789.321	new
PREHOOK: query: drop table table_change_lower_to_higher_numeric_group_tinyint_to_bigint_n2
PREHOOK: type: DROPTABLE
PREHOOK: Input: default@table_change_lower_to_higher_numeric_group_tinyint_to_bigint_n2
PREHOOK: Output: default@table_change_lower_to_higher_numeric_group_tinyint_to_bigint_n2
POSTHOOK: query: drop table table_change_lower_to_higher_numeric_group_tinyint_to_bigint_n2
POSTHOOK: type: DROPTABLE
POSTHOOK: Input: default@table_change_lower_to_higher_numeric_group_tinyint_to_bigint_n2
POSTHOOK: Output: default@table_change_lower_to_higher_numeric_group_tinyint_to_bigint_n2
PREHOOK: query: CREATE TABLE table_change_lower_to_higher_numeric_group_decimal_to_float_n2(insert_num int,
           c1 decimal(38,18), c2 decimal(38,18),
           c3 float,
           b STRING)
PREHOOK: type: CREATETABLE
PREHOOK: Output: database:default
PREHOOK: Output: default@table_change_lower_to_higher_numeric_group_decimal_to_float_n2
POSTHOOK: query: CREATE TABLE table_change_lower_to_higher_numeric_group_decimal_to_float_n2(insert_num int,
           c1 decimal(38,18), c2 decimal(38,18),
           c3 float,
           b STRING)
POSTHOOK: type: CREATETABLE
POSTHOOK: Output: database:default
POSTHOOK: Output: default@table_change_lower_to_higher_numeric_group_decimal_to_float_n2
PREHOOK: query: insert into table table_change_lower_to_higher_numeric_group_decimal_to_float_n2 SELECT insert_num,
           decimal1, decimal1,
           float1,
          'original' FROM schema_evolution_data_n10
PREHOOK: type: QUERY
PREHOOK: Input: default@schema_evolution_data_n10
PREHOOK: Output: default@table_change_lower_to_higher_numeric_group_decimal_to_float_n2
POSTHOOK: query: insert into table table_change_lower_to_higher_numeric_group_decimal_to_float_n2 SELECT insert_num,
           decimal1, decimal1,
           float1,
          'original' FROM schema_evolution_data_n10
POSTHOOK: type: QUERY
POSTHOOK: Input: default@schema_evolution_data_n10
POSTHOOK: Output: default@table_change_lower_to_higher_numeric_group_decimal_to_float_n2
POSTHOOK: Lineage: table_change_lower_to_higher_numeric_group_decimal_to_float_n2.b SIMPLE []
POSTHOOK: Lineage: table_change_lower_to_higher_numeric_group_decimal_to_float_n2.c1 SIMPLE [(schema_evolution_data_n10)schema_evolution_data_n10.FieldSchema(name:decimal1, type:decimal(38,18), comment:null), ]
POSTHOOK: Lineage: table_change_lower_to_higher_numeric_group_decimal_to_float_n2.c2 SIMPLE [(schema_evolution_data_n10)schema_evolution_data_n10.FieldSchema(name:decimal1, type:decimal(38,18), comment:null), ]
POSTHOOK: Lineage: table_change_lower_to_higher_numeric_group_decimal_to_float_n2.c3 SIMPLE [(schema_evolution_data_n10)schema_evolution_data_n10.FieldSchema(name:float1, type:float, comment:null), ]
POSTHOOK: Lineage: table_change_lower_to_higher_numeric_group_decimal_to_float_n2.insert_num SIMPLE [(schema_evolution_data_n10)schema_evolution_data_n10.FieldSchema(name:insert_num, type:int, comment:null), ]
insert_num	decimal1	decimal1_1	float1	_c4
PREHOOK: query: select insert_num,c1,c2,c3,b from table_change_lower_to_higher_numeric_group_decimal_to_float_n2
PREHOOK: type: QUERY
PREHOOK: Input: default@table_change_lower_to_higher_numeric_group_decimal_to_float_n2
#### A masked pattern was here ####
POSTHOOK: query: select insert_num,c1,c2,c3,b from table_change_lower_to_higher_numeric_group_decimal_to_float_n2
POSTHOOK: type: QUERY
POSTHOOK: Input: default@table_change_lower_to_higher_numeric_group_decimal_to_float_n2
#### A masked pattern was here ####
insert_num	c1	c2	c3	b
101	99999999999999999999.999999999999999999	99999999999999999999.999999999999999999	Infinity	original
102	-99999999999999999999.999999999999999999	-99999999999999999999.999999999999999999	-Infinity	original
103	NULL	NULL	NULL	original
104	66475.561431000000000000	66475.561431000000000000	-100.35978	original
105	9250340.750000000000000000	9250340.750000000000000000	NULL	original
PREHOOK: query: alter table table_change_lower_to_higher_numeric_group_decimal_to_float_n2 replace columns (insert_num int, c1 float, c2 double, c3 DOUBLE, b STRING)
PREHOOK: type: ALTERTABLE_REPLACECOLS
PREHOOK: Input: default@table_change_lower_to_higher_numeric_group_decimal_to_float_n2
PREHOOK: Output: default@table_change_lower_to_higher_numeric_group_decimal_to_float_n2
POSTHOOK: query: alter table table_change_lower_to_higher_numeric_group_decimal_to_float_n2 replace columns (insert_num int, c1 float, c2 double, c3 DOUBLE, b STRING)
POSTHOOK: type: ALTERTABLE_REPLACECOLS
POSTHOOK: Input: default@table_change_lower_to_higher_numeric_group_decimal_to_float_n2
POSTHOOK: Output: default@table_change_lower_to_higher_numeric_group_decimal_to_float_n2
PREHOOK: query: insert into table table_change_lower_to_higher_numeric_group_decimal_to_float_n2 VALUES (111, 1234.5678, 9876.543, 1234.5678, 'new')
PREHOOK: type: QUERY
PREHOOK: Input: _dummy_database@_dummy_table
PREHOOK: Output: default@table_change_lower_to_higher_numeric_group_decimal_to_float_n2
POSTHOOK: query: insert into table table_change_lower_to_higher_numeric_group_decimal_to_float_n2 VALUES (111, 1234.5678, 9876.543, 1234.5678, 'new')
POSTHOOK: type: QUERY
POSTHOOK: Input: _dummy_database@_dummy_table
POSTHOOK: Output: default@table_change_lower_to_higher_numeric_group_decimal_to_float_n2
POSTHOOK: Lineage: table_change_lower_to_higher_numeric_group_decimal_to_float_n2.b SCRIPT []
POSTHOOK: Lineage: table_change_lower_to_higher_numeric_group_decimal_to_float_n2.c1 SCRIPT []
POSTHOOK: Lineage: table_change_lower_to_higher_numeric_group_decimal_to_float_n2.c2 SCRIPT []
POSTHOOK: Lineage: table_change_lower_to_higher_numeric_group_decimal_to_float_n2.c3 SCRIPT []
POSTHOOK: Lineage: table_change_lower_to_higher_numeric_group_decimal_to_float_n2.insert_num SCRIPT []
_col0	_col1	_col2	_col3	_col4
PREHOOK: query: select insert_num,c1,c2,c3,b from table_change_lower_to_higher_numeric_group_decimal_to_float_n2
PREHOOK: type: QUERY
PREHOOK: Input: default@table_change_lower_to_higher_numeric_group_decimal_to_float_n2
#### A masked pattern was here ####
POSTHOOK: query: select insert_num,c1,c2,c3,b from table_change_lower_to_higher_numeric_group_decimal_to_float_n2
POSTHOOK: type: QUERY
POSTHOOK: Input: default@table_change_lower_to_higher_numeric_group_decimal_to_float_n2
#### A masked pattern was here ####
insert_num	c1	c2	c3	b
101	1.0E20	1.0E20	Infinity	original
102	-1.0E20	-1.0E20	-Infinity	original
103	NULL	NULL	NULL	original
104	66475.56	66475.561431	-100.35978	original
105	9250341.0	9250340.75	NULL	original
111	1234.5677	9876.543	1234.5678	new
PREHOOK: query: drop table table_change_lower_to_higher_numeric_group_decimal_to_float_n2
PREHOOK: type: DROPTABLE
PREHOOK: Input: default@table_change_lower_to_higher_numeric_group_decimal_to_float_n2
PREHOOK: Output: default@table_change_lower_to_higher_numeric_group_decimal_to_float_n2
POSTHOOK: query: drop table table_change_lower_to_higher_numeric_group_decimal_to_float_n2
POSTHOOK: type: DROPTABLE
POSTHOOK: Input: default@table_change_lower_to_higher_numeric_group_decimal_to_float_n2
POSTHOOK: Output: default@table_change_lower_to_higher_numeric_group_decimal_to_float_n2
