PREHOOK: query: explain select key || value from src
PREHOOK: type: QUERY
POSTHOOK: query: explain select key || value from src
POSTHOOK: type: QUERY
STAGE DEPENDENCIES:
  Stage-1 is a root stage
  Stage-0 depends on stages: Stage-1

STAGE PLANS:
  Stage: Stage-1
    Map Reduce
      Map Operator Tree:
          TableScan
            alias: src
            Statistics: Num rows: 500 Data size: 5312 Basic stats: COMPLETE Column stats: NONE
            Select Operator
              expressions: concat(key, value) (type: string)
              outputColumnNames: _col0
              Statistics: Num rows: 500 Data size: 5312 Basic stats: COMPLETE Column stats: NONE
              File Output Operator
                compressed: false
                Statistics: Num rows: 500 Data size: 5312 Basic stats: COMPLETE Column stats: NONE
                table:
                    input format: org.apache.hadoop.mapred.SequenceFileInputFormat
                    output format: org.apache.hadoop.hive.ql.io.HiveSequenceFileOutputFormat
                    serde: org.apache.hadoop.hive.serde2.lazy.LazySimpleSerDe

  Stage: Stage-0
    Fetch Operator
      limit: -1
      Processor Tree:
        ListSink

PREHOOK: query: select concat('a','b','c')
PREHOOK: type: QUERY
PREHOOK: Input: _dummy_database@_dummy_table
#### A masked pattern was here ####
POSTHOOK: query: select concat('a','b','c')
POSTHOOK: type: QUERY
POSTHOOK: Input: _dummy_database@_dummy_table
#### A masked pattern was here ####
abc
PREHOOK: query: select 'a' || 'b' || 'c'
PREHOOK: type: QUERY
PREHOOK: Input: _dummy_database@_dummy_table
#### A masked pattern was here ####
POSTHOOK: query: select 'a' || 'b' || 'c'
POSTHOOK: type: QUERY
POSTHOOK: Input: _dummy_database@_dummy_table
#### A masked pattern was here ####
abc
PREHOOK: query: select '1' || 2+3
PREHOOK: type: QUERY
PREHOOK: Input: _dummy_database@_dummy_table
#### A masked pattern was here ####
POSTHOOK: query: select '1' || 2+3
POSTHOOK: type: QUERY
POSTHOOK: Input: _dummy_database@_dummy_table
#### A masked pattern was here ####
15
PREHOOK: query: select 1+2 || '7'
PREHOOK: type: QUERY
PREHOOK: Input: _dummy_database@_dummy_table
#### A masked pattern was here ####
POSTHOOK: query: select 1+2 || '7'
POSTHOOK: type: QUERY
POSTHOOK: Input: _dummy_database@_dummy_table
#### A masked pattern was here ####
37
PREHOOK: query: select 1 || 1 || 1
PREHOOK: type: QUERY
PREHOOK: Input: _dummy_database@_dummy_table
#### A masked pattern was here ####
POSTHOOK: query: select 1 || 1 || 1
POSTHOOK: type: QUERY
POSTHOOK: Input: _dummy_database@_dummy_table
#### A masked pattern was here ####
111
PREHOOK: query: select 1.2 || 1.7
PREHOOK: type: QUERY
PREHOOK: Input: _dummy_database@_dummy_table
#### A masked pattern was here ####
POSTHOOK: query: select 1.2 || 1.7
POSTHOOK: type: QUERY
POSTHOOK: Input: _dummy_database@_dummy_table
#### A masked pattern was here ####
1.21.7
PREHOOK: query: select 1 + 1 || 1 + 1
PREHOOK: type: QUERY
PREHOOK: Input: _dummy_database@_dummy_table
#### A masked pattern was here ####
POSTHOOK: query: select 1 + 1 || 1 + 1
POSTHOOK: type: QUERY
POSTHOOK: Input: _dummy_database@_dummy_table
#### A masked pattern was here ####
22
PREHOOK: query: select 9 + 9 || 9 + 9
PREHOOK: type: QUERY
PREHOOK: Input: _dummy_database@_dummy_table
#### A masked pattern was here ####
POSTHOOK: query: select 9 + 9 || 9 + 9
POSTHOOK: type: QUERY
POSTHOOK: Input: _dummy_database@_dummy_table
#### A masked pattern was here ####
1818
PREHOOK: query: select 1 + 1 || 1 + 1 || 1 + 1
PREHOOK: type: QUERY
PREHOOK: Input: _dummy_database@_dummy_table
#### A masked pattern was here ####
POSTHOOK: query: select 1 + 1 || 1 + 1 || 1 + 1
POSTHOOK: type: QUERY
POSTHOOK: Input: _dummy_database@_dummy_table
#### A masked pattern was here ####
222
PREHOOK: query: select '1' || 4 / 2 || 1 + 2 * 1 || (6 & 4) || (1 | 4)
PREHOOK: type: QUERY
PREHOOK: Input: _dummy_database@_dummy_table
#### A masked pattern was here ####
POSTHOOK: query: select '1' || 4 / 2 || 1 + 2 * 1 || (6 & 4) || (1 | 4)
POSTHOOK: type: QUERY
POSTHOOK: Input: _dummy_database@_dummy_table
#### A masked pattern was here ####
12.0345
PREHOOK: query: select 0 ^ 1 || '2' || 1 ^ 2
PREHOOK: type: QUERY
PREHOOK: Input: _dummy_database@_dummy_table
#### A masked pattern was here ####
POSTHOOK: query: select 0 ^ 1 || '2' || 1 ^ 2
POSTHOOK: type: QUERY
POSTHOOK: Input: _dummy_database@_dummy_table
#### A masked pattern was here ####
123
PREHOOK: query: create table ct1 (c int)
PREHOOK: type: CREATETABLE
PREHOOK: Output: database:default
PREHOOK: Output: default@ct1
POSTHOOK: query: create table ct1 (c int)
POSTHOOK: type: CREATETABLE
POSTHOOK: Output: database:default
POSTHOOK: Output: default@ct1
PREHOOK: query: create table ct2 (c int)
PREHOOK: type: CREATETABLE
PREHOOK: Output: database:default
PREHOOK: Output: default@ct2
POSTHOOK: query: create table ct2 (c int)
POSTHOOK: type: CREATETABLE
POSTHOOK: Output: database:default
POSTHOOK: Output: default@ct2
PREHOOK: query: insert into ct1 values (7),(5),(3),(1)
PREHOOK: type: QUERY
PREHOOK: Output: default@ct1
POSTHOOK: query: insert into ct1 values (7),(5),(3),(1)
POSTHOOK: type: QUERY
POSTHOOK: Output: default@ct1
POSTHOOK: Lineage: ct1.c EXPRESSION [(values__tmp__table__1)values__tmp__table__1.FieldSchema(name:tmp_values_col1, type:string, comment:), ]
PREHOOK: query: insert into ct2 values (8),(6),(4),(2)
PREHOOK: type: QUERY
PREHOOK: Output: default@ct2
POSTHOOK: query: insert into ct2 values (8),(6),(4),(2)
POSTHOOK: type: QUERY
POSTHOOK: Output: default@ct2
POSTHOOK: Lineage: ct2.c EXPRESSION [(values__tmp__table__2)values__tmp__table__2.FieldSchema(name:tmp_values_col1, type:string, comment:), ]
PREHOOK: query: create view ct_v1 as select * from ct1 union all select * from ct2 order by c
PREHOOK: type: CREATEVIEW
PREHOOK: Input: default@ct1
PREHOOK: Input: default@ct2
PREHOOK: Output: database:default
PREHOOK: Output: default@ct_v1
POSTHOOK: query: create view ct_v1 as select * from ct1 union all select * from ct2 order by c
POSTHOOK: type: CREATEVIEW
POSTHOOK: Input: default@ct1
POSTHOOK: Input: default@ct2
POSTHOOK: Output: database:default
POSTHOOK: Output: default@ct_v1
POSTHOOK: Lineage: ct_v1.c EXPRESSION [(ct1)ct1.FieldSchema(name:c, type:int, comment:null), (ct2)ct2.FieldSchema(name:c, type:int, comment:null), ]
PREHOOK: query: select c,c * c + c || 'x', 'c+c=' || c+c || ', c*c=' || c*c || ', (c&c)=' || (c & c) from ct_v1
PREHOOK: type: QUERY
PREHOOK: Input: default@ct1
PREHOOK: Input: default@ct2
PREHOOK: Input: default@ct_v1
#### A masked pattern was here ####
POSTHOOK: query: select c,c * c + c || 'x', 'c+c=' || c+c || ', c*c=' || c*c || ', (c&c)=' || (c & c) from ct_v1
POSTHOOK: type: QUERY
POSTHOOK: Input: default@ct1
POSTHOOK: Input: default@ct2
POSTHOOK: Input: default@ct_v1
#### A masked pattern was here ####
1	2x	c+c=2, c*c=1, (c&c)=1
2	6x	c+c=4, c*c=4, (c&c)=2
3	12x	c+c=6, c*c=9, (c&c)=3
4	20x	c+c=8, c*c=16, (c&c)=4
5	30x	c+c=10, c*c=25, (c&c)=5
6	42x	c+c=12, c*c=36, (c&c)=6
7	56x	c+c=14, c*c=49, (c&c)=7
8	72x	c+c=16, c*c=64, (c&c)=8
PREHOOK: query: select *, 'x' || (c&3) , 'a' || c*c+c || 'b' from ct_v1
		order by 'a' || c*c+c || 'b'
PREHOOK: type: QUERY
PREHOOK: Input: default@ct1
PREHOOK: Input: default@ct2
PREHOOK: Input: default@ct_v1
#### A masked pattern was here ####
POSTHOOK: query: select *, 'x' || (c&3) , 'a' || c*c+c || 'b' from ct_v1
		order by 'a' || c*c+c || 'b'
POSTHOOK: type: QUERY
POSTHOOK: Input: default@ct1
POSTHOOK: Input: default@ct2
POSTHOOK: Input: default@ct_v1
#### A masked pattern was here ####
3	x3	a12b
4	x0	a20b
1	x1	a2b
5	x1	a30b
6	x2	a42b
7	x3	a56b
2	x2	a6b
8	x0	a72b
PREHOOK: query: select 'x' || (c&3),collect_list(c) from ct_v1
		group by 'x' || (c&3)
PREHOOK: type: QUERY
PREHOOK: Input: default@ct1
PREHOOK: Input: default@ct2
PREHOOK: Input: default@ct_v1
#### A masked pattern was here ####
POSTHOOK: query: select 'x' || (c&3),collect_list(c) from ct_v1
		group by 'x' || (c&3)
POSTHOOK: type: QUERY
POSTHOOK: Input: default@ct1
POSTHOOK: Input: default@ct2
POSTHOOK: Input: default@ct_v1
#### A masked pattern was here ####
x0	[4,8]
x1	[1,5]
x2	[2,6]
x3	[3,7]
PREHOOK: query: explain select concat('a','b','c')
PREHOOK: type: QUERY
POSTHOOK: query: explain select concat('a','b','c')
POSTHOOK: type: QUERY
STAGE DEPENDENCIES:
  Stage-0 is a root stage

STAGE PLANS:
  Stage: Stage-0
    Fetch Operator
      limit: -1
      Processor Tree:
        TableScan
          alias: _dummy_table
          Row Limit Per Split: 1
          Statistics: Num rows: 1 Data size: 1 Basic stats: COMPLETE Column stats: COMPLETE
          Select Operator
            expressions: 'abc' (type: string)
            outputColumnNames: _col0
            Statistics: Num rows: 1 Data size: 87 Basic stats: COMPLETE Column stats: COMPLETE
            ListSink

PREHOOK: query: explain select 'a' || 'b' || 'c'
PREHOOK: type: QUERY
POSTHOOK: query: explain select 'a' || 'b' || 'c'
POSTHOOK: type: QUERY
STAGE DEPENDENCIES:
  Stage-0 is a root stage

STAGE PLANS:
  Stage: Stage-0
    Fetch Operator
      limit: -1
      Processor Tree:
        TableScan
          alias: _dummy_table
          Row Limit Per Split: 1
          Statistics: Num rows: 1 Data size: 1 Basic stats: COMPLETE Column stats: COMPLETE
          Select Operator
            expressions: 'abc' (type: string)
            outputColumnNames: _col0
            Statistics: Num rows: 1 Data size: 87 Basic stats: COMPLETE Column stats: COMPLETE
            ListSink

PREHOOK: query: select true and false or false and true or true
PREHOOK: type: QUERY
PREHOOK: Input: _dummy_database@_dummy_table
#### A masked pattern was here ####
POSTHOOK: query: select true and false or false and true or true
POSTHOOK: type: QUERY
POSTHOOK: Input: _dummy_database@_dummy_table
#### A masked pattern was here ####
true
