PREHOOK: query: CREATE TABLE T1_n158(key STRING, val STRING) STORED AS TEXTFILE
PREHOOK: type: CREATETABLE
PREHOOK: Output: database:default
PREHOOK: Output: default@T1_n158
POSTHOOK: query: CREATE TABLE T1_n158(key STRING, val STRING) STORED AS TEXTFILE
POSTHOOK: type: CREATETABLE
POSTHOOK: Output: database:default
POSTHOOK: Output: default@T1_n158
PREHOOK: query: LOAD DATA LOCAL INPATH '../../data/files/T1.txt' INTO TABLE T1_n158
PREHOOK: type: LOAD
#### A masked pattern was here ####
PREHOOK: Output: default@t1_n158
POSTHOOK: query: LOAD DATA LOCAL INPATH '../../data/files/T1.txt' INTO TABLE T1_n158
POSTHOOK: type: LOAD
#### A masked pattern was here ####
POSTHOOK: Output: default@t1_n158
PREHOOK: query: SELECT key, val, GROUPING__ID from T1_n158 group by key, val with cube
PREHOOK: type: QUERY
PREHOOK: Input: default@t1_n158
#### A masked pattern was here ####
POSTHOOK: query: SELECT key, val, GROUPING__ID from T1_n158 group by key, val with cube
POSTHOOK: type: QUERY
POSTHOOK: Input: default@t1_n158
#### A masked pattern was here ####
1	11	0
1	NULL	1
2	12	0
2	NULL	1
3	13	0
3	NULL	1
7	17	0
7	NULL	1
8	18	0
8	28	0
8	NULL	1
NULL	11	2
NULL	12	2
NULL	13	2
NULL	17	2
NULL	18	2
NULL	28	2
NULL	NULL	3
PREHOOK: query: SELECT key, val, GROUPING__ID from T1_n158 group by cube(key, val)
PREHOOK: type: QUERY
PREHOOK: Input: default@t1_n158
#### A masked pattern was here ####
POSTHOOK: query: SELECT key, val, GROUPING__ID from T1_n158 group by cube(key, val)
POSTHOOK: type: QUERY
POSTHOOK: Input: default@t1_n158
#### A masked pattern was here ####
1	11	0
1	NULL	1
2	12	0
2	NULL	1
3	13	0
3	NULL	1
7	17	0
7	NULL	1
8	18	0
8	28	0
8	NULL	1
NULL	11	2
NULL	12	2
NULL	13	2
NULL	17	2
NULL	18	2
NULL	28	2
NULL	NULL	3
PREHOOK: query: SELECT GROUPING__ID, key, val from T1_n158 group by key, val with rollup
PREHOOK: type: QUERY
PREHOOK: Input: default@t1_n158
#### A masked pattern was here ####
POSTHOOK: query: SELECT GROUPING__ID, key, val from T1_n158 group by key, val with rollup
POSTHOOK: type: QUERY
POSTHOOK: Input: default@t1_n158
#### A masked pattern was here ####
0	1	11
0	2	12
0	3	13
0	7	17
0	8	18
0	8	28
1	1	NULL
1	2	NULL
1	3	NULL
1	7	NULL
1	8	NULL
3	NULL	NULL
PREHOOK: query: SELECT GROUPING__ID, key, val from T1_n158 group by rollup (key, val)
PREHOOK: type: QUERY
PREHOOK: Input: default@t1_n158
#### A masked pattern was here ####
POSTHOOK: query: SELECT GROUPING__ID, key, val from T1_n158 group by rollup (key, val)
POSTHOOK: type: QUERY
POSTHOOK: Input: default@t1_n158
#### A masked pattern was here ####
0	1	11
0	2	12
0	3	13
0	7	17
0	8	18
0	8	28
1	1	NULL
1	2	NULL
1	3	NULL
1	7	NULL
1	8	NULL
3	NULL	NULL
PREHOOK: query: SELECT key, val, GROUPING__ID, CASE WHEN GROUPING__ID == 0 THEN "0" WHEN GROUPING__ID == 1 THEN "1" WHEN GROUPING__ID == 2 THEN "2" WHEN GROUPING__ID == 3 THEN "3" ELSE "nothing" END from T1_n158 group by key, val with cube
PREHOOK: type: QUERY
PREHOOK: Input: default@t1_n158
#### A masked pattern was here ####
POSTHOOK: query: SELECT key, val, GROUPING__ID, CASE WHEN GROUPING__ID == 0 THEN "0" WHEN GROUPING__ID == 1 THEN "1" WHEN GROUPING__ID == 2 THEN "2" WHEN GROUPING__ID == 3 THEN "3" ELSE "nothing" END from T1_n158 group by key, val with cube
POSTHOOK: type: QUERY
POSTHOOK: Input: default@t1_n158
#### A masked pattern was here ####
1	11	0	0
1	NULL	1	1
2	12	0	0
2	NULL	1	1
3	13	0	0
3	NULL	1	1
7	17	0	0
7	NULL	1	1
8	18	0	0
8	28	0	0
8	NULL	1	1
NULL	11	2	2
NULL	12	2	2
NULL	13	2	2
NULL	17	2	2
NULL	18	2	2
NULL	28	2	2
NULL	NULL	3	3
PREHOOK: query: SELECT key, val, GROUPING__ID, CASE WHEN GROUPING__ID == 0 THEN "0" WHEN GROUPING__ID == 1 THEN "1" WHEN GROUPING__ID == 2 THEN "2" WHEN GROUPING__ID == 3 THEN "3" ELSE "nothing" END from T1_n158 group by cube(key, val)
PREHOOK: type: QUERY
PREHOOK: Input: default@t1_n158
#### A masked pattern was here ####
POSTHOOK: query: SELECT key, val, GROUPING__ID, CASE WHEN GROUPING__ID == 0 THEN "0" WHEN GROUPING__ID == 1 THEN "1" WHEN GROUPING__ID == 2 THEN "2" WHEN GROUPING__ID == 3 THEN "3" ELSE "nothing" END from T1_n158 group by cube(key, val)
POSTHOOK: type: QUERY
POSTHOOK: Input: default@t1_n158
#### A masked pattern was here ####
1	11	0	0
1	NULL	1	1
2	12	0	0
2	NULL	1	1
3	13	0	0
3	NULL	1	1
7	17	0	0
7	NULL	1	1
8	18	0	0
8	28	0	0
8	NULL	1	1
NULL	11	2	2
NULL	12	2	2
NULL	13	2	2
NULL	17	2	2
NULL	18	2	2
NULL	28	2	2
NULL	NULL	3	3
