PREHOOK: query: CREATE TABLE ltable (index int, la int, lk1 string, lk2 string) ROW FORMAT DELIMITED FIELDS TERMINATED BY ','
PREHOOK: type: CREATETABLE
PREHOOK: Output: database:default
PREHOOK: Output: default@ltable
POSTHOOK: query: CREATE TABLE ltable (index int, la int, lk1 string, lk2 string) ROW FORMAT DELIMITED FIELDS TERMINATED BY ','
POSTHOOK: type: CREATETABLE
POSTHOOK: Output: database:default
POSTHOOK: Output: default@ltable
PREHOOK: query: CREATE TABLE rtable (ra int, rk1 string, rk2 string) ROW FORMAT DELIMITED FIELDS TERMINATED BY ','
PREHOOK: type: CREATETABLE
PREHOOK: Output: database:default
PREHOOK: Output: default@rtable
POSTHOOK: query: CREATE TABLE rtable (ra int, rk1 string, rk2 string) ROW FORMAT DELIMITED FIELDS TERMINATED BY ','
POSTHOOK: type: CREATETABLE
POSTHOOK: Output: database:default
POSTHOOK: Output: default@rtable
PREHOOK: query: insert into ltable values (1, null, 'CD5415192314304', '00071'), (2, null, 'CD5415192225530', '00071')
PREHOOK: type: QUERY
PREHOOK: Input: _dummy_database@_dummy_table
PREHOOK: Output: default@ltable
POSTHOOK: query: insert into ltable values (1, null, 'CD5415192314304', '00071'), (2, null, 'CD5415192225530', '00071')
POSTHOOK: type: QUERY
POSTHOOK: Input: _dummy_database@_dummy_table
POSTHOOK: Output: default@ltable
POSTHOOK: Lineage: ltable.index SCRIPT []
POSTHOOK: Lineage: ltable.la EXPRESSION []
POSTHOOK: Lineage: ltable.lk1 SCRIPT []
POSTHOOK: Lineage: ltable.lk2 SCRIPT []
PREHOOK: query: insert into rtable values (1, 'CD5415192314304', '00071'), (45, 'CD5415192314304', '00072')
PREHOOK: type: QUERY
PREHOOK: Input: _dummy_database@_dummy_table
PREHOOK: Output: default@rtable
POSTHOOK: query: insert into rtable values (1, 'CD5415192314304', '00071'), (45, 'CD5415192314304', '00072')
POSTHOOK: type: QUERY
POSTHOOK: Input: _dummy_database@_dummy_table
POSTHOOK: Output: default@rtable
POSTHOOK: Lineage: rtable.ra SCRIPT []
POSTHOOK: Lineage: rtable.rk1 SCRIPT []
POSTHOOK: Lineage: rtable.rk2 SCRIPT []
PREHOOK: query: EXPLAIN SELECT * FROM ltable l LEFT OUTER JOIN rtable r on (l.lk1 = r.rk1 AND l.lk2 = r.rk2) WHERE COALESCE(l.la,'EMPTY')=COALESCE(r.ra,'EMPTY')
PREHOOK: type: QUERY
POSTHOOK: query: EXPLAIN SELECT * FROM ltable l LEFT OUTER JOIN rtable r on (l.lk1 = r.rk1 AND l.lk2 = r.rk2) WHERE COALESCE(l.la,'EMPTY')=COALESCE(r.ra,'EMPTY')
POSTHOOK: type: QUERY
STAGE DEPENDENCIES:
  Stage-1 is a root stage
  Stage-0 depends on stages: Stage-1

STAGE PLANS:
  Stage: Stage-1
    Map Reduce
      Map Operator Tree:
          TableScan
            alias: l
            Statistics: Num rows: 2 Data size: 52 Basic stats: COMPLETE Column stats: NONE
            Select Operator
              expressions: index (type: int), la (type: int), lk1 (type: string), lk2 (type: string)
              outputColumnNames: _col0, _col1, _col2, _col3
              Statistics: Num rows: 2 Data size: 52 Basic stats: COMPLETE Column stats: NONE
              Reduce Output Operator
                key expressions: _col2 (type: string), _col3 (type: string)
                sort order: ++
                Map-reduce partition columns: _col2 (type: string), _col3 (type: string)
                Statistics: Num rows: 2 Data size: 52 Basic stats: COMPLETE Column stats: NONE
                value expressions: _col0 (type: int), _col1 (type: int)
          TableScan
            alias: r
            Statistics: Num rows: 2 Data size: 47 Basic stats: COMPLETE Column stats: NONE
            Select Operator
              expressions: ra (type: int), rk1 (type: string), rk2 (type: string)
              outputColumnNames: _col0, _col1, _col2
              Statistics: Num rows: 2 Data size: 47 Basic stats: COMPLETE Column stats: NONE
              Reduce Output Operator
                key expressions: _col1 (type: string), _col2 (type: string)
                sort order: ++
                Map-reduce partition columns: _col1 (type: string), _col2 (type: string)
                Statistics: Num rows: 2 Data size: 47 Basic stats: COMPLETE Column stats: NONE
                value expressions: _col0 (type: int)
      Reduce Operator Tree:
        Join Operator
          condition map:
               Left Outer Join 0 to 1
          keys:
            0 _col2 (type: string), _col3 (type: string)
            1 _col1 (type: string), _col2 (type: string)
          outputColumnNames: _col0, _col1, _col2, _col3, _col4, _col5, _col6
          Statistics: Num rows: 2 Data size: 57 Basic stats: COMPLETE Column stats: NONE
          Filter Operator
            predicate: (COALESCE(_col1,'EMPTY') = COALESCE(_col4,'EMPTY')) (type: boolean)
            Statistics: Num rows: 1 Data size: 28 Basic stats: COMPLETE Column stats: NONE
            File Output Operator
              compressed: false
              Statistics: Num rows: 1 Data size: 28 Basic stats: COMPLETE Column stats: NONE
              table:
                  input format: org.apache.hadoop.mapred.SequenceFileInputFormat
                  output format: org.apache.hadoop.hive.ql.io.HiveSequenceFileOutputFormat
                  serde: org.apache.hadoop.hive.serde2.lazy.LazySimpleSerDe

  Stage: Stage-0
    Fetch Operator
      limit: -1
      Processor Tree:
        ListSink

PREHOOK: query: SELECT * FROM ltable l LEFT OUTER JOIN rtable r on (l.lk1 = r.rk1 AND l.lk2 = r.rk2) WHERE COALESCE(l.la,'EMPTY')=COALESCE(r.ra,'EMPTY')
PREHOOK: type: QUERY
PREHOOK: Input: default@ltable
PREHOOK: Input: default@rtable
#### A masked pattern was here ####
POSTHOOK: query: SELECT * FROM ltable l LEFT OUTER JOIN rtable r on (l.lk1 = r.rk1 AND l.lk2 = r.rk2) WHERE COALESCE(l.la,'EMPTY')=COALESCE(r.ra,'EMPTY')
POSTHOOK: type: QUERY
POSTHOOK: Input: default@ltable
POSTHOOK: Input: default@rtable
#### A masked pattern was here ####
2	NULL	CD5415192225530	00071	NULL	NULL	NULL
PREHOOK: query: EXPLAIN SELECT * FROM ltable l LEFT OUTER JOIN rtable r on (l.lk1 = r.rk1 AND l.lk2 = r.rk2) WHERE COALESCE(l.la,'EMPTY')=COALESCE(r.ra,'EMPTY')
PREHOOK: type: QUERY
POSTHOOK: query: EXPLAIN SELECT * FROM ltable l LEFT OUTER JOIN rtable r on (l.lk1 = r.rk1 AND l.lk2 = r.rk2) WHERE COALESCE(l.la,'EMPTY')=COALESCE(r.ra,'EMPTY')
POSTHOOK: type: QUERY
STAGE DEPENDENCIES:
  Stage-4 is a root stage
  Stage-3 depends on stages: Stage-4
  Stage-0 depends on stages: Stage-3

STAGE PLANS:
  Stage: Stage-4
    Map Reduce Local Work
      Alias -> Map Local Tables:
        $hdt$_1:r 
          Fetch Operator
            limit: -1
      Alias -> Map Local Operator Tree:
        $hdt$_1:r 
          TableScan
            alias: r
            Statistics: Num rows: 2 Data size: 47 Basic stats: COMPLETE Column stats: NONE
            Select Operator
              expressions: ra (type: int), rk1 (type: string), rk2 (type: string)
              outputColumnNames: _col0, _col1, _col2
              Statistics: Num rows: 2 Data size: 47 Basic stats: COMPLETE Column stats: NONE
              HashTable Sink Operator
                keys:
                  0 _col2 (type: string), _col3 (type: string)
                  1 _col1 (type: string), _col2 (type: string)

  Stage: Stage-3
    Map Reduce
      Map Operator Tree:
          TableScan
            alias: l
            Statistics: Num rows: 2 Data size: 52 Basic stats: COMPLETE Column stats: NONE
            Select Operator
              expressions: index (type: int), la (type: int), lk1 (type: string), lk2 (type: string)
              outputColumnNames: _col0, _col1, _col2, _col3
              Statistics: Num rows: 2 Data size: 52 Basic stats: COMPLETE Column stats: NONE
              Map Join Operator
                condition map:
                     Left Outer Join 0 to 1
                keys:
                  0 _col2 (type: string), _col3 (type: string)
                  1 _col1 (type: string), _col2 (type: string)
                outputColumnNames: _col0, _col1, _col2, _col3, _col4, _col5, _col6
                Statistics: Num rows: 2 Data size: 57 Basic stats: COMPLETE Column stats: NONE
                Filter Operator
                  predicate: (COALESCE(_col1,'EMPTY') = COALESCE(_col4,'EMPTY')) (type: boolean)
                  Statistics: Num rows: 1 Data size: 28 Basic stats: COMPLETE Column stats: NONE
                  File Output Operator
                    compressed: false
                    Statistics: Num rows: 1 Data size: 28 Basic stats: COMPLETE Column stats: NONE
                    table:
                        input format: org.apache.hadoop.mapred.SequenceFileInputFormat
                        output format: org.apache.hadoop.hive.ql.io.HiveSequenceFileOutputFormat
                        serde: org.apache.hadoop.hive.serde2.lazy.LazySimpleSerDe
      Execution mode: vectorized
      Local Work:
        Map Reduce Local Work

  Stage: Stage-0
    Fetch Operator
      limit: -1
      Processor Tree:
        ListSink

PREHOOK: query: SELECT * FROM ltable l LEFT OUTER JOIN rtable r on (l.lk1 = r.rk1 AND l.lk2 = r.rk2) WHERE COALESCE(l.la,'EMPTY')=COALESCE(r.ra,'EMPTY')
PREHOOK: type: QUERY
PREHOOK: Input: default@ltable
PREHOOK: Input: default@rtable
#### A masked pattern was here ####
POSTHOOK: query: SELECT * FROM ltable l LEFT OUTER JOIN rtable r on (l.lk1 = r.rk1 AND l.lk2 = r.rk2) WHERE COALESCE(l.la,'EMPTY')=COALESCE(r.ra,'EMPTY')
POSTHOOK: type: QUERY
POSTHOOK: Input: default@ltable
POSTHOOK: Input: default@rtable
#### A masked pattern was here ####
2	NULL	CD5415192225530	00071	NULL	NULL	NULL
