PREHOOK: query: drop table tstz2
PREHOOK: type: DROPTABLE
PREHOOK: Output: database:default
POSTHOOK: query: drop table tstz2
POSTHOOK: type: DROPTABLE
POSTHOOK: Output: database:default
PREHOOK: query: create table tstz2(t timestamp with local time zone)
PREHOOK: type: CREATETABLE
PREHOOK: Output: database:default
PREHOOK: Output: default@tstz2
POSTHOOK: query: create table tstz2(t timestamp with local time zone)
POSTHOOK: type: CREATETABLE
POSTHOOK: Output: database:default
POSTHOOK: Output: default@tstz2
PREHOOK: query: insert into table tstz2 values
  ('2005-04-03 03:01:00.04067 GMT-07:00'),('2005-01-03 02:01:00 GMT'),('2005-01-03 06:01:00 GMT+04:00'),
  ('2013-06-03 02:01:00.30547 GMT+01:00'),('2016-01-03 12:26:34.0123 GMT+08:00')
PREHOOK: type: QUERY
PREHOOK: Input: _dummy_database@_dummy_table
PREHOOK: Output: default@tstz2
POSTHOOK: query: insert into table tstz2 values
  ('2005-04-03 03:01:00.04067 GMT-07:00'),('2005-01-03 02:01:00 GMT'),('2005-01-03 06:01:00 GMT+04:00'),
  ('2013-06-03 02:01:00.30547 GMT+01:00'),('2016-01-03 12:26:34.0123 GMT+08:00')
POSTHOOK: type: QUERY
POSTHOOK: Input: _dummy_database@_dummy_table
POSTHOOK: Output: default@tstz2
POSTHOOK: Lineage: tstz2.t SCRIPT []
PREHOOK: query: select * from tstz2 where t='2005-01-02 19:01:00 GMT-07:00'
PREHOOK: type: QUERY
PREHOOK: Input: default@tstz2
#### A masked pattern was here ####
POSTHOOK: query: select * from tstz2 where t='2005-01-02 19:01:00 GMT-07:00'
POSTHOOK: type: QUERY
POSTHOOK: Input: default@tstz2
#### A masked pattern was here ####
2005-01-03 02:01:00.0 UTC
2005-01-03 02:01:00.0 UTC
PREHOOK: query: select * from tstz2 where t>'2013-06-03 02:01:00.30547 GMT+01:00'
PREHOOK: type: QUERY
PREHOOK: Input: default@tstz2
#### A masked pattern was here ####
POSTHOOK: query: select * from tstz2 where t>'2013-06-03 02:01:00.30547 GMT+01:00'
POSTHOOK: type: QUERY
POSTHOOK: Input: default@tstz2
#### A masked pattern was here ####
2016-01-03 04:26:34.0123 UTC
PREHOOK: query: select min(t),max(t) from tstz2
PREHOOK: type: QUERY
PREHOOK: Input: default@tstz2
#### A masked pattern was here ####
POSTHOOK: query: select min(t),max(t) from tstz2
POSTHOOK: type: QUERY
POSTHOOK: Input: default@tstz2
#### A masked pattern was here ####
2005-01-03 02:01:00.0 UTC	2016-01-03 04:26:34.0123 UTC
PREHOOK: query: select t from tstz2 group by t order by t
PREHOOK: type: QUERY
PREHOOK: Input: default@tstz2
#### A masked pattern was here ####
POSTHOOK: query: select t from tstz2 group by t order by t
POSTHOOK: type: QUERY
POSTHOOK: Input: default@tstz2
#### A masked pattern was here ####
2005-01-03 02:01:00.0 UTC
2005-04-03 10:01:00.04067 UTC
2013-06-03 01:01:00.30547 UTC
2016-01-03 04:26:34.0123 UTC
PREHOOK: query: select * from tstz2 a join tstz2 b on a.t=b.t order by a.t
PREHOOK: type: QUERY
PREHOOK: Input: default@tstz2
#### A masked pattern was here ####
POSTHOOK: query: select * from tstz2 a join tstz2 b on a.t=b.t order by a.t
POSTHOOK: type: QUERY
POSTHOOK: Input: default@tstz2
#### A masked pattern was here ####
2005-01-03 02:01:00.0 UTC	2005-01-03 02:01:00.0 UTC
2005-01-03 02:01:00.0 UTC	2005-01-03 02:01:00.0 UTC
2005-01-03 02:01:00.0 UTC	2005-01-03 02:01:00.0 UTC
2005-01-03 02:01:00.0 UTC	2005-01-03 02:01:00.0 UTC
2005-04-03 10:01:00.04067 UTC	2005-04-03 10:01:00.04067 UTC
2013-06-03 01:01:00.30547 UTC	2013-06-03 01:01:00.30547 UTC
2016-01-03 04:26:34.0123 UTC	2016-01-03 04:26:34.0123 UTC
