PREHOOK: query: use default
PREHOOK: type: SWITCHDATABASE
PREHOOK: Input: database:default
POSTHOOK: query: use default
POSTHOOK: type: SWITCHDATABASE
POSTHOOK: Input: database:default
PREHOOK: query: DESCRIBE FUNCTION sort_array_by
PREHOOK: type: DESCFUNCTION
POSTHOOK: query: DESCRIBE FUNCTION sort_array_by
POSTHOOK: type: DESCFUNCTION
sort_array_by(array(obj1, obj2,...),'f1','f2',...,['ASC','DESC']) - Sorts the input tuple array in user specified order(ASC,DESC) by desired field[s] name If sorting order is not mentioned by user then dafault sorting order is ascending
PREHOOK: query: DESCRIBE FUNCTION EXTENDED sort_array_by
PREHOOK: type: DESCFUNCTION
POSTHOOK: query: DESCRIBE FUNCTION EXTENDED sort_array_by
POSTHOOK: type: DESCFUNCTION
sort_array_by(array(obj1, obj2,...),'f1','f2',...,['ASC','DESC']) - Sorts the input tuple array in user specified order(ASC,DESC) by desired field[s] name If sorting order is not mentioned by user then dafault sorting order is ascending
Example:
  > SELECT sort_array_by(array(struct('g',100),struct('b',200)),'col1','ASC') FROM src LIMIT 1;
 array(struct('b',200),struct('g',100)) 
Function class:org.apache.hadoop.hive.ql.udf.generic.GenericUDFSortArrayByField
Function type:BUILTIN
PREHOOK: query: DROP TABLE IF EXISTS sort_array_by_table
PREHOOK: type: DROPTABLE
POSTHOOK: query: DROP TABLE IF EXISTS sort_array_by_table
POSTHOOK: type: DROPTABLE
PREHOOK: query: CREATE TABLE sort_array_by_table
STORED AS TEXTFILE
AS
SELECT "Google" as company,
        array(
        named_struct('empId',800 ,'name','Able' ,'age',28 ,'salary',80000),
        named_struct('empId',756 ,'name','Able' ,'age',23 ,'salary',76889),
        named_struct('empId',100 ,'name','Boo' ,'age',21 ,'salary',70000),
        named_struct('empId',130 ,'name','Boo' ,'age',22 ,'salary',79000),
        named_struct('empId',900 ,'name','Hary' ,'age',21 ,'salary',50000),
        named_struct('empId',76 ,'name','Hary' ,'age',87 ,'salary',10000)
        ) as employee,
        "IN" as country
UNION ALL
SELECT "Facebook" as company,
        array(
        named_struct('empId',200 ,'name','Keiko' ,'age',28 ,'salary',80000),
        named_struct('empId',206 ,'name','Keiko' ,'age',41 ,'salary',80500),
        named_struct('empId',390 ,'name','Ben' ,'age',21 ,'salary',70000),
        named_struct('empId',310 ,'name','Ben' ,'age',31 ,'salary',21000),
        named_struct('empId',700 ,'name','Aron' ,'age',21 ,'salary',50000),
        named_struct('empId',320 ,'name','Aron' ,'age',18 ,'salary',70000)
        ) as employee,
        "US" as country
UNION ALL
SELECT "Microsoft" as company,
        array(
        named_struct('empId',900 ,'name','Spiro' ,'age',28 ,'salary',80000),
        named_struct('empId',300 ,'name','Spiro' ,'age',38 ,'salary',80300),
        named_struct('empId',600 ,'name','James' ,'age',21 ,'salary',70000),
        named_struct('empId',313 ,'name','James' ,'age',11 ,'salary',30000),
        named_struct('empId',260 ,'name','Eden' ,'age',31 ,'salary',50020),
        named_struct('empId',730 ,'name','Eden' ,'age',45 ,'salary',20300)
        ) as employee,
        "UK" as country
PREHOOK: type: CREATETABLE_AS_SELECT
PREHOOK: Input: _dummy_database@_dummy_table
PREHOOK: Output: database:default
PREHOOK: Output: default@sort_array_by_table
POSTHOOK: query: CREATE TABLE sort_array_by_table
STORED AS TEXTFILE
AS
SELECT "Google" as company,
        array(
        named_struct('empId',800 ,'name','Able' ,'age',28 ,'salary',80000),
        named_struct('empId',756 ,'name','Able' ,'age',23 ,'salary',76889),
        named_struct('empId',100 ,'name','Boo' ,'age',21 ,'salary',70000),
        named_struct('empId',130 ,'name','Boo' ,'age',22 ,'salary',79000),
        named_struct('empId',900 ,'name','Hary' ,'age',21 ,'salary',50000),
        named_struct('empId',76 ,'name','Hary' ,'age',87 ,'salary',10000)
        ) as employee,
        "IN" as country
UNION ALL
SELECT "Facebook" as company,
        array(
        named_struct('empId',200 ,'name','Keiko' ,'age',28 ,'salary',80000),
        named_struct('empId',206 ,'name','Keiko' ,'age',41 ,'salary',80500),
        named_struct('empId',390 ,'name','Ben' ,'age',21 ,'salary',70000),
        named_struct('empId',310 ,'name','Ben' ,'age',31 ,'salary',21000),
        named_struct('empId',700 ,'name','Aron' ,'age',21 ,'salary',50000),
        named_struct('empId',320 ,'name','Aron' ,'age',18 ,'salary',70000)
        ) as employee,
        "US" as country
UNION ALL
SELECT "Microsoft" as company,
        array(
        named_struct('empId',900 ,'name','Spiro' ,'age',28 ,'salary',80000),
        named_struct('empId',300 ,'name','Spiro' ,'age',38 ,'salary',80300),
        named_struct('empId',600 ,'name','James' ,'age',21 ,'salary',70000),
        named_struct('empId',313 ,'name','James' ,'age',11 ,'salary',30000),
        named_struct('empId',260 ,'name','Eden' ,'age',31 ,'salary',50020),
        named_struct('empId',730 ,'name','Eden' ,'age',45 ,'salary',20300)
        ) as employee,
        "UK" as country
POSTHOOK: type: CREATETABLE_AS_SELECT
POSTHOOK: Input: _dummy_database@_dummy_table
POSTHOOK: Output: database:default
POSTHOOK: Output: default@sort_array_by_table
POSTHOOK: Lineage: sort_array_by_table.company EXPRESSION []
POSTHOOK: Lineage: sort_array_by_table.country EXPRESSION []
POSTHOOK: Lineage: sort_array_by_table.employee EXPRESSION []
PREHOOK: query: select company,country,sort_array_by(employee,'salary') as single_field_sort from sort_array_by_table
PREHOOK: type: QUERY
PREHOOK: Input: default@sort_array_by_table
#### A masked pattern was here ####
POSTHOOK: query: select company,country,sort_array_by(employee,'salary') as single_field_sort from sort_array_by_table
POSTHOOK: type: QUERY
POSTHOOK: Input: default@sort_array_by_table
#### A masked pattern was here ####
Google	IN	[{"empid":76,"name":"Hary","age":87,"salary":10000},{"empid":900,"name":"Hary","age":21,"salary":50000},{"empid":100,"name":"Boo","age":21,"salary":70000},{"empid":756,"name":"Able","age":23,"salary":76889},{"empid":130,"name":"Boo","age":22,"salary":79000},{"empid":800,"name":"Able","age":28,"salary":80000}]
Facebook	US	[{"empid":310,"name":"Ben","age":31,"salary":21000},{"empid":700,"name":"Aron","age":21,"salary":50000},{"empid":390,"name":"Ben","age":21,"salary":70000},{"empid":320,"name":"Aron","age":18,"salary":70000},{"empid":200,"name":"Keiko","age":28,"salary":80000},{"empid":206,"name":"Keiko","age":41,"salary":80500}]
Microsoft	UK	[{"empid":730,"name":"Eden","age":45,"salary":20300},{"empid":313,"name":"James","age":11,"salary":30000},{"empid":260,"name":"Eden","age":31,"salary":50020},{"empid":600,"name":"James","age":21,"salary":70000},{"empid":900,"name":"Spiro","age":28,"salary":80000},{"empid":300,"name":"Spiro","age":38,"salary":80300}]
PREHOOK: query: select company,country,sort_array_by(employee,'salary','ASC') as single_field_sort from sort_array_by_table
PREHOOK: type: QUERY
PREHOOK: Input: default@sort_array_by_table
#### A masked pattern was here ####
POSTHOOK: query: select company,country,sort_array_by(employee,'salary','ASC') as single_field_sort from sort_array_by_table
POSTHOOK: type: QUERY
POSTHOOK: Input: default@sort_array_by_table
#### A masked pattern was here ####
Google	IN	[{"empid":76,"name":"Hary","age":87,"salary":10000},{"empid":900,"name":"Hary","age":21,"salary":50000},{"empid":100,"name":"Boo","age":21,"salary":70000},{"empid":756,"name":"Able","age":23,"salary":76889},{"empid":130,"name":"Boo","age":22,"salary":79000},{"empid":800,"name":"Able","age":28,"salary":80000}]
Facebook	US	[{"empid":310,"name":"Ben","age":31,"salary":21000},{"empid":700,"name":"Aron","age":21,"salary":50000},{"empid":390,"name":"Ben","age":21,"salary":70000},{"empid":320,"name":"Aron","age":18,"salary":70000},{"empid":200,"name":"Keiko","age":28,"salary":80000},{"empid":206,"name":"Keiko","age":41,"salary":80500}]
Microsoft	UK	[{"empid":730,"name":"Eden","age":45,"salary":20300},{"empid":313,"name":"James","age":11,"salary":30000},{"empid":260,"name":"Eden","age":31,"salary":50020},{"empid":600,"name":"James","age":21,"salary":70000},{"empid":900,"name":"Spiro","age":28,"salary":80000},{"empid":300,"name":"Spiro","age":38,"salary":80300}]
PREHOOK: query: select company,country,sort_array_by(employee,'salary','desc') as single_field_sort from sort_array_by_table
PREHOOK: type: QUERY
PREHOOK: Input: default@sort_array_by_table
#### A masked pattern was here ####
POSTHOOK: query: select company,country,sort_array_by(employee,'salary','desc') as single_field_sort from sort_array_by_table
POSTHOOK: type: QUERY
POSTHOOK: Input: default@sort_array_by_table
#### A masked pattern was here ####
Google	IN	[{"empid":800,"name":"Able","age":28,"salary":80000},{"empid":130,"name":"Boo","age":22,"salary":79000},{"empid":756,"name":"Able","age":23,"salary":76889},{"empid":100,"name":"Boo","age":21,"salary":70000},{"empid":900,"name":"Hary","age":21,"salary":50000},{"empid":76,"name":"Hary","age":87,"salary":10000}]
Facebook	US	[{"empid":206,"name":"Keiko","age":41,"salary":80500},{"empid":200,"name":"Keiko","age":28,"salary":80000},{"empid":390,"name":"Ben","age":21,"salary":70000},{"empid":320,"name":"Aron","age":18,"salary":70000},{"empid":700,"name":"Aron","age":21,"salary":50000},{"empid":310,"name":"Ben","age":31,"salary":21000}]
Microsoft	UK	[{"empid":300,"name":"Spiro","age":38,"salary":80300},{"empid":900,"name":"Spiro","age":28,"salary":80000},{"empid":600,"name":"James","age":21,"salary":70000},{"empid":260,"name":"Eden","age":31,"salary":50020},{"empid":313,"name":"James","age":11,"salary":30000},{"empid":730,"name":"Eden","age":45,"salary":20300}]
PREHOOK: query: select company,country,
sort_array_by(employee,'salary') as single_field_sort,
sort_array_by(employee,'salary','ASC') as single_field_sort_asc,
sort_array_by(employee,'salary','DESC') as single_field_sort_desc
from sort_array_by_table
PREHOOK: type: QUERY
PREHOOK: Input: default@sort_array_by_table
#### A masked pattern was here ####
POSTHOOK: query: select company,country,
sort_array_by(employee,'salary') as single_field_sort,
sort_array_by(employee,'salary','ASC') as single_field_sort_asc,
sort_array_by(employee,'salary','DESC') as single_field_sort_desc
from sort_array_by_table
POSTHOOK: type: QUERY
POSTHOOK: Input: default@sort_array_by_table
#### A masked pattern was here ####
Google	IN	[{"empid":76,"name":"Hary","age":87,"salary":10000},{"empid":900,"name":"Hary","age":21,"salary":50000},{"empid":100,"name":"Boo","age":21,"salary":70000},{"empid":756,"name":"Able","age":23,"salary":76889},{"empid":130,"name":"Boo","age":22,"salary":79000},{"empid":800,"name":"Able","age":28,"salary":80000}]	[{"empid":76,"name":"Hary","age":87,"salary":10000},{"empid":900,"name":"Hary","age":21,"salary":50000},{"empid":100,"name":"Boo","age":21,"salary":70000},{"empid":756,"name":"Able","age":23,"salary":76889},{"empid":130,"name":"Boo","age":22,"salary":79000},{"empid":800,"name":"Able","age":28,"salary":80000}]	[{"empid":800,"name":"Able","age":28,"salary":80000},{"empid":130,"name":"Boo","age":22,"salary":79000},{"empid":756,"name":"Able","age":23,"salary":76889},{"empid":100,"name":"Boo","age":21,"salary":70000},{"empid":900,"name":"Hary","age":21,"salary":50000},{"empid":76,"name":"Hary","age":87,"salary":10000}]
Facebook	US	[{"empid":310,"name":"Ben","age":31,"salary":21000},{"empid":700,"name":"Aron","age":21,"salary":50000},{"empid":390,"name":"Ben","age":21,"salary":70000},{"empid":320,"name":"Aron","age":18,"salary":70000},{"empid":200,"name":"Keiko","age":28,"salary":80000},{"empid":206,"name":"Keiko","age":41,"salary":80500}]	[{"empid":310,"name":"Ben","age":31,"salary":21000},{"empid":700,"name":"Aron","age":21,"salary":50000},{"empid":390,"name":"Ben","age":21,"salary":70000},{"empid":320,"name":"Aron","age":18,"salary":70000},{"empid":200,"name":"Keiko","age":28,"salary":80000},{"empid":206,"name":"Keiko","age":41,"salary":80500}]	[{"empid":206,"name":"Keiko","age":41,"salary":80500},{"empid":200,"name":"Keiko","age":28,"salary":80000},{"empid":390,"name":"Ben","age":21,"salary":70000},{"empid":320,"name":"Aron","age":18,"salary":70000},{"empid":700,"name":"Aron","age":21,"salary":50000},{"empid":310,"name":"Ben","age":31,"salary":21000}]
Microsoft	UK	[{"empid":730,"name":"Eden","age":45,"salary":20300},{"empid":313,"name":"James","age":11,"salary":30000},{"empid":260,"name":"Eden","age":31,"salary":50020},{"empid":600,"name":"James","age":21,"salary":70000},{"empid":900,"name":"Spiro","age":28,"salary":80000},{"empid":300,"name":"Spiro","age":38,"salary":80300}]	[{"empid":730,"name":"Eden","age":45,"salary":20300},{"empid":313,"name":"James","age":11,"salary":30000},{"empid":260,"name":"Eden","age":31,"salary":50020},{"empid":600,"name":"James","age":21,"salary":70000},{"empid":900,"name":"Spiro","age":28,"salary":80000},{"empid":300,"name":"Spiro","age":38,"salary":80300}]	[{"empid":300,"name":"Spiro","age":38,"salary":80300},{"empid":900,"name":"Spiro","age":28,"salary":80000},{"empid":600,"name":"James","age":21,"salary":70000},{"empid":260,"name":"Eden","age":31,"salary":50020},{"empid":313,"name":"James","age":11,"salary":30000},{"empid":730,"name":"Eden","age":45,"salary":20300}]
PREHOOK: query: select company,country,sort_array_by(employee,'name','salary') as multiple_field_sort from sort_array_by_table
PREHOOK: type: QUERY
PREHOOK: Input: default@sort_array_by_table
#### A masked pattern was here ####
POSTHOOK: query: select company,country,sort_array_by(employee,'name','salary') as multiple_field_sort from sort_array_by_table
POSTHOOK: type: QUERY
POSTHOOK: Input: default@sort_array_by_table
#### A masked pattern was here ####
Google	IN	[{"empid":756,"name":"Able","age":23,"salary":76889},{"empid":800,"name":"Able","age":28,"salary":80000},{"empid":100,"name":"Boo","age":21,"salary":70000},{"empid":130,"name":"Boo","age":22,"salary":79000},{"empid":76,"name":"Hary","age":87,"salary":10000},{"empid":900,"name":"Hary","age":21,"salary":50000}]
Facebook	US	[{"empid":700,"name":"Aron","age":21,"salary":50000},{"empid":320,"name":"Aron","age":18,"salary":70000},{"empid":310,"name":"Ben","age":31,"salary":21000},{"empid":390,"name":"Ben","age":21,"salary":70000},{"empid":200,"name":"Keiko","age":28,"salary":80000},{"empid":206,"name":"Keiko","age":41,"salary":80500}]
Microsoft	UK	[{"empid":730,"name":"Eden","age":45,"salary":20300},{"empid":260,"name":"Eden","age":31,"salary":50020},{"empid":313,"name":"James","age":11,"salary":30000},{"empid":600,"name":"James","age":21,"salary":70000},{"empid":900,"name":"Spiro","age":28,"salary":80000},{"empid":300,"name":"Spiro","age":38,"salary":80300}]
PREHOOK: query: select company,country,sort_array_by(employee,'name','salary','asc') as multiple_field_sort from sort_array_by_table
PREHOOK: type: QUERY
PREHOOK: Input: default@sort_array_by_table
#### A masked pattern was here ####
POSTHOOK: query: select company,country,sort_array_by(employee,'name','salary','asc') as multiple_field_sort from sort_array_by_table
POSTHOOK: type: QUERY
POSTHOOK: Input: default@sort_array_by_table
#### A masked pattern was here ####
Google	IN	[{"empid":756,"name":"Able","age":23,"salary":76889},{"empid":800,"name":"Able","age":28,"salary":80000},{"empid":100,"name":"Boo","age":21,"salary":70000},{"empid":130,"name":"Boo","age":22,"salary":79000},{"empid":76,"name":"Hary","age":87,"salary":10000},{"empid":900,"name":"Hary","age":21,"salary":50000}]
Facebook	US	[{"empid":700,"name":"Aron","age":21,"salary":50000},{"empid":320,"name":"Aron","age":18,"salary":70000},{"empid":310,"name":"Ben","age":31,"salary":21000},{"empid":390,"name":"Ben","age":21,"salary":70000},{"empid":200,"name":"Keiko","age":28,"salary":80000},{"empid":206,"name":"Keiko","age":41,"salary":80500}]
Microsoft	UK	[{"empid":730,"name":"Eden","age":45,"salary":20300},{"empid":260,"name":"Eden","age":31,"salary":50020},{"empid":313,"name":"James","age":11,"salary":30000},{"empid":600,"name":"James","age":21,"salary":70000},{"empid":900,"name":"Spiro","age":28,"salary":80000},{"empid":300,"name":"Spiro","age":38,"salary":80300}]
PREHOOK: query: select company,country,sort_array_by(employee,'name',"salary","DESC") as multiple_field_sort from sort_array_by_table
PREHOOK: type: QUERY
PREHOOK: Input: default@sort_array_by_table
#### A masked pattern was here ####
POSTHOOK: query: select company,country,sort_array_by(employee,'name',"salary","DESC") as multiple_field_sort from sort_array_by_table
POSTHOOK: type: QUERY
POSTHOOK: Input: default@sort_array_by_table
#### A masked pattern was here ####
Google	IN	[{"empid":900,"name":"Hary","age":21,"salary":50000},{"empid":76,"name":"Hary","age":87,"salary":10000},{"empid":130,"name":"Boo","age":22,"salary":79000},{"empid":100,"name":"Boo","age":21,"salary":70000},{"empid":800,"name":"Able","age":28,"salary":80000},{"empid":756,"name":"Able","age":23,"salary":76889}]
Facebook	US	[{"empid":206,"name":"Keiko","age":41,"salary":80500},{"empid":200,"name":"Keiko","age":28,"salary":80000},{"empid":390,"name":"Ben","age":21,"salary":70000},{"empid":310,"name":"Ben","age":31,"salary":21000},{"empid":320,"name":"Aron","age":18,"salary":70000},{"empid":700,"name":"Aron","age":21,"salary":50000}]
Microsoft	UK	[{"empid":300,"name":"Spiro","age":38,"salary":80300},{"empid":900,"name":"Spiro","age":28,"salary":80000},{"empid":600,"name":"James","age":21,"salary":70000},{"empid":313,"name":"James","age":11,"salary":30000},{"empid":260,"name":"Eden","age":31,"salary":50020},{"empid":730,"name":"Eden","age":45,"salary":20300}]
PREHOOK: query: select company,country,
sort_array_by(employee,'name','salary') as multiple_field_sort,
sort_array_by(employee,'name','salary','ASC') as multiple_field_sort_asc,
sort_array_by(employee,'name',"salary","DESC") as multiple_field_sort_desc
from sort_array_by_table
PREHOOK: type: QUERY
PREHOOK: Input: default@sort_array_by_table
#### A masked pattern was here ####
POSTHOOK: query: select company,country,
sort_array_by(employee,'name','salary') as multiple_field_sort,
sort_array_by(employee,'name','salary','ASC') as multiple_field_sort_asc,
sort_array_by(employee,'name',"salary","DESC") as multiple_field_sort_desc
from sort_array_by_table
POSTHOOK: type: QUERY
POSTHOOK: Input: default@sort_array_by_table
#### A masked pattern was here ####
Google	IN	[{"empid":756,"name":"Able","age":23,"salary":76889},{"empid":800,"name":"Able","age":28,"salary":80000},{"empid":100,"name":"Boo","age":21,"salary":70000},{"empid":130,"name":"Boo","age":22,"salary":79000},{"empid":76,"name":"Hary","age":87,"salary":10000},{"empid":900,"name":"Hary","age":21,"salary":50000}]	[{"empid":756,"name":"Able","age":23,"salary":76889},{"empid":800,"name":"Able","age":28,"salary":80000},{"empid":100,"name":"Boo","age":21,"salary":70000},{"empid":130,"name":"Boo","age":22,"salary":79000},{"empid":76,"name":"Hary","age":87,"salary":10000},{"empid":900,"name":"Hary","age":21,"salary":50000}]	[{"empid":900,"name":"Hary","age":21,"salary":50000},{"empid":76,"name":"Hary","age":87,"salary":10000},{"empid":130,"name":"Boo","age":22,"salary":79000},{"empid":100,"name":"Boo","age":21,"salary":70000},{"empid":800,"name":"Able","age":28,"salary":80000},{"empid":756,"name":"Able","age":23,"salary":76889}]
Facebook	US	[{"empid":700,"name":"Aron","age":21,"salary":50000},{"empid":320,"name":"Aron","age":18,"salary":70000},{"empid":310,"name":"Ben","age":31,"salary":21000},{"empid":390,"name":"Ben","age":21,"salary":70000},{"empid":200,"name":"Keiko","age":28,"salary":80000},{"empid":206,"name":"Keiko","age":41,"salary":80500}]	[{"empid":700,"name":"Aron","age":21,"salary":50000},{"empid":320,"name":"Aron","age":18,"salary":70000},{"empid":310,"name":"Ben","age":31,"salary":21000},{"empid":390,"name":"Ben","age":21,"salary":70000},{"empid":200,"name":"Keiko","age":28,"salary":80000},{"empid":206,"name":"Keiko","age":41,"salary":80500}]	[{"empid":206,"name":"Keiko","age":41,"salary":80500},{"empid":200,"name":"Keiko","age":28,"salary":80000},{"empid":390,"name":"Ben","age":21,"salary":70000},{"empid":310,"name":"Ben","age":31,"salary":21000},{"empid":320,"name":"Aron","age":18,"salary":70000},{"empid":700,"name":"Aron","age":21,"salary":50000}]
Microsoft	UK	[{"empid":730,"name":"Eden","age":45,"salary":20300},{"empid":260,"name":"Eden","age":31,"salary":50020},{"empid":313,"name":"James","age":11,"salary":30000},{"empid":600,"name":"James","age":21,"salary":70000},{"empid":900,"name":"Spiro","age":28,"salary":80000},{"empid":300,"name":"Spiro","age":38,"salary":80300}]	[{"empid":730,"name":"Eden","age":45,"salary":20300},{"empid":260,"name":"Eden","age":31,"salary":50020},{"empid":313,"name":"James","age":11,"salary":30000},{"empid":600,"name":"James","age":21,"salary":70000},{"empid":900,"name":"Spiro","age":28,"salary":80000},{"empid":300,"name":"Spiro","age":38,"salary":80300}]	[{"empid":300,"name":"Spiro","age":38,"salary":80300},{"empid":900,"name":"Spiro","age":28,"salary":80000},{"empid":600,"name":"James","age":21,"salary":70000},{"empid":313,"name":"James","age":11,"salary":30000},{"empid":260,"name":"Eden","age":31,"salary":50020},{"empid":730,"name":"Eden","age":45,"salary":20300}]
PREHOOK: query: DROP TABLE IF EXISTS sort_array_by_order_name
PREHOOK: type: DROPTABLE
POSTHOOK: query: DROP TABLE IF EXISTS sort_array_by_order_name
POSTHOOK: type: DROPTABLE
PREHOOK: query: CREATE TABLE sort_array_by_order_name
STORED AS TEXTFILE
AS
SELECT "Google" as company,
        array(
        named_struct('asc','Able' ,'DESC','Keiko','salary',28),
        named_struct('asc','Boo' ,'DESC','Aron','salary',70000),
        named_struct('asc','Hary' ,'DESC','James' ,'salary',50000)
        ) as employee
PREHOOK: type: CREATETABLE_AS_SELECT
PREHOOK: Input: _dummy_database@_dummy_table
PREHOOK: Output: database:default
PREHOOK: Output: default@sort_array_by_order_name
POSTHOOK: query: CREATE TABLE sort_array_by_order_name
STORED AS TEXTFILE
AS
SELECT "Google" as company,
        array(
        named_struct('asc','Able' ,'DESC','Keiko','salary',28),
        named_struct('asc','Boo' ,'DESC','Aron','salary',70000),
        named_struct('asc','Hary' ,'DESC','James' ,'salary',50000)
        ) as employee
POSTHOOK: type: CREATETABLE_AS_SELECT
POSTHOOK: Input: _dummy_database@_dummy_table
POSTHOOK: Output: database:default
POSTHOOK: Output: default@sort_array_by_order_name
POSTHOOK: Lineage: sort_array_by_order_name.company SIMPLE []
POSTHOOK: Lineage: sort_array_by_order_name.employee EXPRESSION []
PREHOOK: query: select
company,
sort_array_by(employee,'asc') as col1,
sort_array_by(employee,'DESC') as col2
from sort_array_by_order_name
PREHOOK: type: QUERY
PREHOOK: Input: default@sort_array_by_order_name
#### A masked pattern was here ####
POSTHOOK: query: select
company,
sort_array_by(employee,'asc') as col1,
sort_array_by(employee,'DESC') as col2
from sort_array_by_order_name
POSTHOOK: type: QUERY
POSTHOOK: Input: default@sort_array_by_order_name
#### A masked pattern was here ####
Google	[{"asc":"Able","desc":"Keiko","salary":28},{"asc":"Boo","desc":"Aron","salary":70000},{"asc":"Hary","desc":"James","salary":50000}]	[{"asc":"Boo","desc":"Aron","salary":70000},{"asc":"Hary","desc":"James","salary":50000},{"asc":"Able","desc":"Keiko","salary":28}]
PREHOOK: query: select
company,
sort_array_by(employee,'asc','ASC') as col1,
sort_array_by(employee,'DESC','desc') as col2
from
sort_array_by_order_name
PREHOOK: type: QUERY
PREHOOK: Input: default@sort_array_by_order_name
#### A masked pattern was here ####
POSTHOOK: query: select
company,
sort_array_by(employee,'asc','ASC') as col1,
sort_array_by(employee,'DESC','desc') as col2
from
sort_array_by_order_name
POSTHOOK: type: QUERY
POSTHOOK: Input: default@sort_array_by_order_name
#### A masked pattern was here ####
Google	[{"asc":"Able","desc":"Keiko","salary":28},{"asc":"Boo","desc":"Aron","salary":70000},{"asc":"Hary","desc":"James","salary":50000}]	[{"asc":"Able","desc":"Keiko","salary":28},{"asc":"Hary","desc":"James","salary":50000},{"asc":"Boo","desc":"Aron","salary":70000}]
PREHOOK: query: DROP TABLE IF EXISTS sort_array_by_table_order
PREHOOK: type: DROPTABLE
POSTHOOK: query: DROP TABLE IF EXISTS sort_array_by_table_order
POSTHOOK: type: DROPTABLE
PREHOOK: query: CREATE TABLE sort_array_by_table_order
STORED AS TEXTFILE
AS
SELECT  array(
        named_struct('name','Able' ,'age',28),
        named_struct('name','Able' ,'age',23),
        named_struct('name','Boo' ,'age',21),
        named_struct('name','Boo' ,'age',22),
        named_struct('name','Hary' ,'age',21),
        named_struct('name','Hary' ,'age',87)
        ) as a_struct_array
PREHOOK: type: CREATETABLE_AS_SELECT
PREHOOK: Input: _dummy_database@_dummy_table
PREHOOK: Output: database:default
PREHOOK: Output: default@sort_array_by_table_order
POSTHOOK: query: CREATE TABLE sort_array_by_table_order
STORED AS TEXTFILE
AS
SELECT  array(
        named_struct('name','Able' ,'age',28),
        named_struct('name','Able' ,'age',23),
        named_struct('name','Boo' ,'age',21),
        named_struct('name','Boo' ,'age',22),
        named_struct('name','Hary' ,'age',21),
        named_struct('name','Hary' ,'age',87)
        ) as a_struct_array
POSTHOOK: type: CREATETABLE_AS_SELECT
POSTHOOK: Input: _dummy_database@_dummy_table
POSTHOOK: Output: database:default
POSTHOOK: Output: default@sort_array_by_table_order
POSTHOOK: Lineage: sort_array_by_table_order.a_struct_array EXPRESSION []
PREHOOK: query: SELECT a_struct FROM sort_array_by_table_order LATERAL VIEW explode(a_struct_array) structTable AS a_struct ORDER BY a_struct.name DESC
PREHOOK: type: QUERY
PREHOOK: Input: default@sort_array_by_table_order
#### A masked pattern was here ####
POSTHOOK: query: SELECT a_struct FROM sort_array_by_table_order LATERAL VIEW explode(a_struct_array) structTable AS a_struct ORDER BY a_struct.name DESC
POSTHOOK: type: QUERY
POSTHOOK: Input: default@sort_array_by_table_order
#### A masked pattern was here ####
{"name":"Hary","age":87}
{"name":"Hary","age":21}
{"name":"Boo","age":22}
{"name":"Boo","age":21}
{"name":"Able","age":23}
{"name":"Able","age":28}
PREHOOK: query: SELECT a_struct FROM sort_array_by_table_order LATERAL VIEW explode(sort_array_by(a_struct_array, 'name', 'DESC')) structTable AS a_struct
PREHOOK: type: QUERY
PREHOOK: Input: default@sort_array_by_table_order
#### A masked pattern was here ####
POSTHOOK: query: SELECT a_struct FROM sort_array_by_table_order LATERAL VIEW explode(sort_array_by(a_struct_array, 'name', 'DESC')) structTable AS a_struct
POSTHOOK: type: QUERY
POSTHOOK: Input: default@sort_array_by_table_order
#### A masked pattern was here ####
{"name":"Hary","age":21}
{"name":"Hary","age":87}
{"name":"Boo","age":21}
{"name":"Boo","age":22}
{"name":"Able","age":28}
{"name":"Able","age":23}
PREHOOK: query: SELECT a_struct FROM sort_array_by_table_order LATERAL VIEW explode(a_struct_array) structTable AS a_struct ORDER BY a_struct.name DESC,a_struct.age DESC
PREHOOK: type: QUERY
PREHOOK: Input: default@sort_array_by_table_order
#### A masked pattern was here ####
POSTHOOK: query: SELECT a_struct FROM sort_array_by_table_order LATERAL VIEW explode(a_struct_array) structTable AS a_struct ORDER BY a_struct.name DESC,a_struct.age DESC
POSTHOOK: type: QUERY
POSTHOOK: Input: default@sort_array_by_table_order
#### A masked pattern was here ####
{"name":"Hary","age":87}
{"name":"Hary","age":21}
{"name":"Boo","age":22}
{"name":"Boo","age":21}
{"name":"Able","age":28}
{"name":"Able","age":23}
PREHOOK: query: SELECT a_struct FROM sort_array_by_table_order LATERAL VIEW explode(sort_array_by(a_struct_array, 'name','age', 'DESC')) structTable AS a_struct
PREHOOK: type: QUERY
PREHOOK: Input: default@sort_array_by_table_order
#### A masked pattern was here ####
POSTHOOK: query: SELECT a_struct FROM sort_array_by_table_order LATERAL VIEW explode(sort_array_by(a_struct_array, 'name','age', 'DESC')) structTable AS a_struct
POSTHOOK: type: QUERY
POSTHOOK: Input: default@sort_array_by_table_order
#### A masked pattern was here ####
{"name":"Hary","age":87}
{"name":"Hary","age":21}
{"name":"Boo","age":22}
{"name":"Boo","age":21}
{"name":"Able","age":28}
{"name":"Able","age":23}
