PREHOOK: query: DESCRIBE FUNCTION replicate_rows
PREHOOK: type: DESCFUNCTION
POSTHOOK: query: DESCRIBE FUNCTION replicate_rows
POSTHOOK: type: DESCFUNCTION
replicate_rows(n, cols...) - turns 1 row into n rows
PREHOOK: query: DESCRIBE FUNCTION EXTENDED replicate_rows
PREHOOK: type: DESCFUNCTION
POSTHOOK: query: DESCRIBE FUNCTION EXTENDED replicate_rows
POSTHOOK: type: DESCFUNCTION
replicate_rows(n, cols...) - turns 1 row into n rows
Function class:org.apache.hadoop.hive.ql.udf.generic.GenericUDTFReplicateRows
Function type:BUILTIN
PREHOOK: query: create table t_n13 (x bigint, y string, z int)
PREHOOK: type: CREATETABLE
PREHOOK: Output: database:default
PREHOOK: Output: default@t_n13
POSTHOOK: query: create table t_n13 (x bigint, y string, z int)
POSTHOOK: type: CREATETABLE
POSTHOOK: Output: database:default
POSTHOOK: Output: default@t_n13
PREHOOK: query: insert into table t_n13 values (3,'2',0),(2,'3',1),(0,'2',2),(-1,'k',3)
PREHOOK: type: QUERY
PREHOOK: Input: _dummy_database@_dummy_table
PREHOOK: Output: default@t_n13
POSTHOOK: query: insert into table t_n13 values (3,'2',0),(2,'3',1),(0,'2',2),(-1,'k',3)
POSTHOOK: type: QUERY
POSTHOOK: Input: _dummy_database@_dummy_table
POSTHOOK: Output: default@t_n13
POSTHOOK: Lineage: t_n13.x SCRIPT []
POSTHOOK: Lineage: t_n13.y SCRIPT []
POSTHOOK: Lineage: t_n13.z SCRIPT []
PREHOOK: query: SELECT replicate_rows(x,y) FROM t_n13
PREHOOK: type: QUERY
PREHOOK: Input: default@t_n13
#### A masked pattern was here ####
POSTHOOK: query: SELECT replicate_rows(x,y) FROM t_n13
POSTHOOK: type: QUERY
POSTHOOK: Input: default@t_n13
#### A masked pattern was here ####
3	2
3	2
3	2
2	3
2	3
PREHOOK: query: SELECT replicate_rows(x,y,y) FROM t_n13
PREHOOK: type: QUERY
PREHOOK: Input: default@t_n13
#### A masked pattern was here ####
POSTHOOK: query: SELECT replicate_rows(x,y,y) FROM t_n13
POSTHOOK: type: QUERY
POSTHOOK: Input: default@t_n13
#### A masked pattern was here ####
3	2	2
3	2	2
3	2	2
2	3	3
2	3	3
PREHOOK: query: SELECT replicate_rows(x,y,y,y,z) FROM t_n13
PREHOOK: type: QUERY
PREHOOK: Input: default@t_n13
#### A masked pattern was here ####
POSTHOOK: query: SELECT replicate_rows(x,y,y,y,z) FROM t_n13
POSTHOOK: type: QUERY
POSTHOOK: Input: default@t_n13
#### A masked pattern was here ####
3	2	2	2	0
3	2	2	2	0
3	2	2	2	0
2	3	3	3	1
2	3	3	3	1
PREHOOK: query: select y,x from (SELECT replicate_rows(x,y) as (x,y) FROM t_n13)subq
PREHOOK: type: QUERY
PREHOOK: Input: default@t_n13
#### A masked pattern was here ####
POSTHOOK: query: select y,x from (SELECT replicate_rows(x,y) as (x,y) FROM t_n13)subq
POSTHOOK: type: QUERY
POSTHOOK: Input: default@t_n13
#### A masked pattern was here ####
2	3
2	3
2	3
3	2
3	2
PREHOOK: query: select z,y,x from(SELECT replicate_rows(x,y,y) as (z,y,x) FROM t_n13)subq
PREHOOK: type: QUERY
PREHOOK: Input: default@t_n13
#### A masked pattern was here ####
POSTHOOK: query: select z,y,x from(SELECT replicate_rows(x,y,y) as (z,y,x) FROM t_n13)subq
POSTHOOK: type: QUERY
POSTHOOK: Input: default@t_n13
#### A masked pattern was here ####
3	2	2
3	2	2
3	2	2
2	3	3
2	3	3
PREHOOK: query: SELECT replicate_rows(x,concat(y,'...'),y) FROM t_n13
PREHOOK: type: QUERY
PREHOOK: Input: default@t_n13
#### A masked pattern was here ####
POSTHOOK: query: SELECT replicate_rows(x,concat(y,'...'),y) FROM t_n13
POSTHOOK: type: QUERY
POSTHOOK: Input: default@t_n13
#### A masked pattern was here ####
3	2...	2
3	2...	2
3	2...	2
2	3...	3
2	3...	3
